Year,Gender,AgeGroupStart,avg_mx_5yr_band
1933,Female,0,0.014645150250817548
1933,Male,0,0.018014299856012998
1934,Female,0,0.01614897976114902
1934,Male,0,0.020033041848351606
1935,Female,0,0.014162895535916
1935,Male,0,0.01781539101029373
1936,Female,0,0.014458933180819538
1936,Male,0,0.017963470156361426
1937,Female,0,0.014112516875076031
1937,Male,0,0.017536881674887293
1938,Female,0,0.013094305008128911
1938,Male,0,0.0163005794117126
1939,Female,0,0.011758261078092566
1939,Male,0,0.01470630942692247
1940,Female,0,0.011679671360876167
1940,Male,0,0.014848518657311549
1941,Female,0,0.011364127178746613
1941,Male,0,0.014136049266500708
1942,Female,0,0.01039955349636378
1942,Male,0,0.012982341795261584
1943,Female,0,0.009563641184696516
1943,Male,0,0.012049575238430716
1944,Female,0,0.00947127060771484
1944,Male,0,0.011771787256608877
1945,Female,0,0.008919117649763188
1945,Male,0,0.011262861899878896
1946,Female,0,0.009379191951241511
1946,Male,0,0.012011864407713485
1947,Female,0,0.0072013331857613185
1947,Male,0,0.009207113765289265
1948,Female,0,0.007330296231038816
1948,Male,0,0.009377813659267584
1949,Female,0,0.007178777717681287
1949,Male,0,0.009201454048740914
1950,Female,0,0.006707189826337602
1950,Male,0,0.008647580491039513
1951,Female,0,0.006606441515184441
1951,Male,0,0.00853295302530353
1952,Female,0,0.006611703327316297
1952,Male,0,0.008444425190550057
1953,Female,0,0.006254411897941292
1953,Male,0,0.008079440675220064
1954,Female,0,0.005920800966307758
1954,Male,0,0.007631048160220875
1955,Female,0,0.005755145631342358
1955,Male,0,0.007399802922680661
1956,Female,0,0.005661775030485849
1956,Male,0,0.007338318176993592
1957,Female,0,0.005670569564145352
1957,Male,0,0.007257065822182952
1958,Female,0,0.005715562917502436
1958,Male,0,0.007257652386175065
1959,Female,0,0.005523901052382307
1959,Female,5,0.00040884400222188116
1959,Female,10,0.0003299910621598782
1959,Female,15,0.0005510718438788142
1959,Female,20,0.0007089938486100026
1959,Female,25,0.000880786700912988
1959,Female,30,0.0012490401316379736
1959,Female,35,0.0017837206862782965
1959,Female,40,0.0027275497045633904
1959,Female,45,0.004195405944854046
1959,Female,50,0.00641285468228765
1959,Female,55,0.00949894442148682
1959,Female,60,0.014591809469849278
1959,Female,65,0.022845382351883194
1959,Female,70,0.03671504252385494
1959,Female,75,0.06182248344121666
1959,Female,80,0.10699909139701065
1959,Male,0,0.007122458035435017
1959,Male,5,0.0005709106119737138
1959,Male,10,0.0005936208689982035
1959,Male,15,0.0013311661670371891
1959,Male,20,0.00182780972839525
1959,Male,25,0.0017193289318157032
1959,Male,30,0.0020442871755310377
1959,Male,35,0.0028579064010537704
1959,Male,40,0.004571871917788442
1959,Male,45,0.007520971200478778
1959,Male,50,0.012316549883053814
1959,Male,55,0.018539999805010914
1959,Male,60,0.0280481593130817
1959,Male,65,0.04086513362110482
1959,Male,70,0.058205282493744806
1959,Male,75,0.08566608866361855
1959,Male,80,0.13471578979862123
1960,Female,0,0.005443085462325996
1960,Female,5,0.0004098570608714781
1960,Female,10,0.00032525951947989394
1960,Female,15,0.0005391302009294209
1960,Female,20,0.0006961848318372425
1960,Female,25,0.0008941868909802546
1960,Female,30,0.0012258626756022782
1960,Female,35,0.0018074261080753954
1960,Female,40,0.002817704309618468
1960,Female,45,0.0042515448313211555
1960,Female,50,0.00640220616651616
1960,Female,55,0.009361969435125425
1960,Female,60,0.014999577914208213
1960,Female,65,0.022623505394567377
1960,Female,70,0.03679839081026245
1960,Female,75,0.06132466704163617
1960,Female,80,0.10770864673953642
1960,Male,0,0.007099367045324503
1960,Male,5,0.000557166294419763
1960,Male,10,0.0005523319301406543
1960,Male,15,0.0013128117356517026
1960,Male,20,0.0017857457947988045
1960,Male,25,0.0017468982447997826
1960,Male,30,0.0020092657163346766
1960,Male,35,0.0028960982328651345
1960,Male,40,0.004620464628640262
1960,Male,45,0.007635365277273961
1960,Male,50,0.012516315360099534
1960,Male,55,0.01858638044719979
1960,Male,60,0.028739579733427233
1960,Male,65,0.04147964581119924
1960,Male,70,0.0598495901486253
1960,Male,75,0.08700023274821063
1960,Male,80,0.1370232750278078
1961,Female,0,0.005208433443676881
1961,Female,5,0.0003864020445987969
1961,Female,10,0.00030767228838110734
1961,Female,15,0.0005210000871974626
1961,Female,20,0.0006734613680987198
1961,Female,25,0.0008612825028157519
1961,Female,30,0.0012127267126406836
1961,Female,35,0.0017811748535949772
1961,Female,40,0.002702254961901772
1961,Female,45,0.004158387143899544
1961,Female,50,0.006297111190450346
1961,Female,55,0.008869192080217699
1961,Female,60,0.014592438047064593
1961,Female,65,0.021951918329176333
1961,Female,70,0.03552987425622935
1961,Female,75,0.059282789995577824
1961,Female,80,0.10264737608471186
1961,Male,0,0.006743237785207999
1961,Male,5,0.0005221901891538819
1961,Male,10,0.0005243532110486275
1961,Male,15,0.0012472640334004184
1961,Male,20,0.0017546457968731673
1961,Male,25,0.0016743668750812146
1961,Male,30,0.0019792742058498012
1961,Male,35,0.002825046746317197
1961,Male,40,0.004561922817488099
1961,Male,45,0.007364339864994787
1961,Male,50,0.0120782349161424
1961,Male,55,0.017925448026296382
1961,Male,60,0.02822075151536283
1961,Male,65,0.04090659474302809
1961,Male,70,0.05751095657822956
1961,Male,75,0.08529835077749756
1961,Male,80,0.13226810824541269
1962,Female,0,0.005173153238304334
1962,Female,5,0.0003926413146554993
1962,Female,10,0.0003063463391460193
1962,Female,15,0.0005330973489177708
1962,Female,20,0.0007035460893797226
1962,Female,25,0.0008874204741833652
1962,Female,30,0.0012158884533115524
1962,Female,35,0.0018384035622723738
1962,Female,40,0.002761378332686658
1962,Female,45,0.004221314913782501
1962,Female,50,0.006349340252514488
1962,Female,55,0.009019676163622961
1962,Female,60,0.014759194881478657
1962,Female,65,0.022094581029215667
1962,Female,70,0.03568544544866285
1962,Female,75,0.06018473412649479
1962,Female,80,0.10297154058589375
1962,Male,0,0.00671624280232235
1962,Male,5,0.0005132446177883176
1962,Male,10,0.0005293252193609062
1962,Male,15,0.0012605509072285326
1962,Male,20,0.0017878326996090522
1962,Male,25,0.001691946050746213
1962,Male,30,0.001999050126244629
1962,Male,35,0.0029060395399637022
1962,Male,40,0.004565686410087625
1962,Male,45,0.0074795582234474965
1962,Male,50,0.012293407376831043
1962,Male,55,0.018230690248600794
1962,Male,60,0.028559886072674668
1962,Male,65,0.041761237708717765
1962,Male,70,0.05861664841247647
1962,Male,75,0.08727879153113968
1962,Male,80,0.13265949463182417
1963,Female,0,0.005171964306347782
1963,Female,5,0.0003826984608487913
1963,Female,10,0.00031362644365598685
1963,Female,15,0.0005560390959595973
1963,Female,20,0.0007066578289607025
1963,Female,25,0.0008942643667148661
1963,Female,30,0.0012264018637675347
1963,Female,35,0.0018672914168600698
1963,Female,40,0.002797556880412166
1963,Female,45,0.0042746721515787576
1963,Female,50,0.006412339807668971
1963,Female,55,0.009174609817814677
1963,Female,60,0.014933172507782071
1963,Female,65,0.022094220801582975
1963,Female,70,0.03572771717969801
1963,Female,75,0.060582787109830984
1963,Female,80,0.1028848488505715
1963,Male,0,0.0067316455834130744
1963,Male,5,0.0005166405432430386
1963,Male,10,0.0005105932924262651
1963,Male,15,0.0012999197344183287
1963,Male,20,0.0018059503201829294
1963,Male,25,0.0017715917590055534
1963,Male,30,0.002042294387700983
1963,Male,35,0.002964766649978572
1963,Male,40,0.0046075343696244
1963,Male,45,0.007610156187559551
1963,Male,50,0.012380180811677743
1963,Male,55,0.018694650864525774
1963,Male,60,0.02923455288933898
1963,Male,65,0.04256868803918863
1963,Male,70,0.06041890271366075
1963,Male,75,0.08969174670428469
1963,Male,80,0.13519857448508826
1964,Female,0,0.005101510960719535
1964,Female,5,0.00037320198118622584
1964,Female,10,0.00030739995497896865
1964,Female,15,0.0005569078654314504
1964,Female,20,0.0007122301486869498
1964,Female,25,0.0008768921924873904
1964,Female,30,0.0012615104978596164
1964,Female,35,0.0018560399811847136
1964,Female,40,0.002771930102490944
1964,Female,45,0.004222056053870747
1964,Female,50,0.006464331486256476
1964,Female,55,0.008906987763754648
1964,Female,60,0.014565398230366382
1964,Female,65,0.021456904843704584
1964,Female,70,0.03413018640592056
1964,Female,75,0.058154998382115075
1964,Female,80,0.0983931871793546
1964,Male,0,0.006565367615318843
1964,Male,5,0.0005151652588073058
1964,Male,10,0.000525543418574877
1964,Male,15,0.001368308771133615
1964,Male,20,0.001836367032261982
1964,Male,25,0.0018097987010469098
1964,Male,30,0.002137018188362761
1964,Male,35,0.0029990211905523696
1964,Male,40,0.004683658245634366
1964,Male,45,0.007514895328144064
1964,Male,50,0.012190547783028215
1964,Male,55,0.018288708523646745
1964,Male,60,0.029154168860824548
1964,Male,65,0.041212334048006775
1964,Male,70,0.05859873720223378
1964,Male,75,0.08702593890043742
1964,Male,80,0.13012110902595048
1965,Female,0,0.0049593267322717675
1965,Female,5,0.00036774884337681363
1965,Female,10,0.00029813144680742546
1965,Female,15,0.0005446932534413439
1965,Female,20,0.0007046828592478201
1965,Female,25,0.0008595030545861776
1965,Female,30,0.0012596946441895192
1965,Female,35,0.00184681301178778
1965,Female,40,0.002798175703110722
1965,Female,45,0.0042776598407705795
1965,Female,50,0.006366042654654666
1965,Female,55,0.008866400686649787
1965,Female,60,0.014276084504019348
1965,Female,65,0.021450822810175223
1965,Female,70,0.033430033106453386
1965,Female,75,0.0580405762552467
1965,Female,80,0.09713610666908243
1965,Male,0,0.006413713684813434
1965,Male,5,0.0005076177279085733
1965,Male,10,0.0005121754821946405
1965,Male,15,0.0013863624580300426
1965,Male,20,0.0018499958816704438
1965,Male,25,0.0018435443133007975
1965,Male,30,0.002109130390613356
1965,Male,35,0.003018319125189222
1965,Male,40,0.004661595590714369
1965,Male,45,0.007511390397640977
1965,Male,50,0.012311070212823651
1965,Male,55,0.018326337276792108
1965,Male,60,0.029261888438023315
1965,Male,65,0.04161343863908522
1965,Male,70,0.05882191493932305
1965,Male,75,0.08837553878287055
1965,Male,80,0.1312373055138362
1966,Female,0,0.004874879867448579
1966,Female,5,0.0003708928201050882
1966,Female,10,0.0003044067979561106
1966,Female,15,0.0005837393988532937
1966,Female,20,0.0007124451261062538
1966,Female,25,0.0008736749198495148
1966,Female,30,0.0012567427923032824
1966,Female,35,0.0018114186244948573
1966,Female,40,0.002797538298564603
1966,Female,45,0.00429557607314824
1966,Female,50,0.006327721768812205
1966,Female,55,0.008889496766278074
1966,Female,60,0.013901657888453284
1966,Female,65,0.021519536730620424
1966,Female,70,0.03395733324518861
1966,Female,75,0.05810731247634297
1966,Female,80,0.09634072350082892
1966,Male,0,0.006278140482850072
1966,Male,5,0.0005127539259552041
1966,Male,10,0.0005177726744392192
1966,Male,15,0.001454449168472417
1966,Male,20,0.0019889626588479687
1966,Male,25,0.001883144206576829
1966,Male,30,0.002164986425953421
1966,Male,35,0.0030446936353890224
1966,Male,40,0.004744427078206419
1966,Male,45,0.007629371804284373
1966,Male,50,0.012364634755629312
1966,Male,55,0.018694290113295826
1966,Male,60,0.02922815235217215
1966,Male,65,0.041904783425018986
1966,Male,70,0.05984815548995835
1966,Male,75,0.08886169632989782
1966,Male,80,0.1310707238413092
1967,Female,0,0.004609834985842906
1967,Female,5,0.0003588537725681011
1967,Female,10,0.00029801468955583884
1967,Female,15,0.0005815975706438658
1967,Female,20,0.0007161845162880602
1967,Female,25,0.0008439107148852144
1967,Female,30,0.0012073996734900485
1967,Female,35,0.0018333585706629234
1967,Female,40,0.002736163862420468
1967,Female,45,0.004237008640280709
1967,Female,50,0.0062258589836584775
1967,Female,55,0.008882223669213596
1967,Female,60,0.013519878161248684
1967,Female,65,0.021044783632719628
1967,Female,70,0.032978577808022394
1967,Female,75,0.05607209229139408
1967,Female,80,0.09267584892065332
1967,Male,0,0.005980660339291497
1967,Male,5,0.0004968193636477466
1967,Male,10,0.0005114666712307039
1967,Male,15,0.001475760467220983
1967,Male,20,0.0020450762956477206
1967,Male,25,0.0019223612992006422
1967,Male,30,0.0021836283135006525
1967,Male,35,0.003092564224354742
1967,Male,40,0.004713801319586863
1967,Male,45,0.0075580744935306145
1967,Male,50,0.012098298465208528
1967,Male,55,0.01843704105489332
1967,Male,60,0.02860920018897465
1967,Male,65,0.040895408498072855
1967,Male,70,0.05967509041285117
1967,Male,75,0.08746573872708434
1967,Male,80,0.12755113241807542
1968,Female,0,0.004569683848045721
1968,Female,5,0.0003670378713882466
1968,Female,10,0.0003024602096172582
1968,Female,15,0.0006057468499529393
1968,Female,20,0.0007363990988475573
1968,Female,25,0.0008696847005608953
1968,Female,30,0.0012170016341987323
1968,Female,35,0.0018704584164647236
1968,Female,40,0.0028462302625676178
1968,Female,45,0.004345343551246591
1968,Female,50,0.006357890794547745
1968,Female,55,0.009182326841817879
1968,Female,60,0.013824389554835646
1968,Female,65,0.02153772678031054
1968,Female,70,0.033591448195607346
1968,Female,75,0.05738570263463762
1968,Female,80,0.09480690337338844
1968,Male,0,0.005922644443768313
1968,Male,5,0.0005204208118824164
1968,Male,10,0.0005286468116358987
1968,Male,15,0.0015708233293980378
1968,Male,20,0.0021855959405219427
1968,Male,25,0.0020240412532855218
1968,Male,30,0.002282315727621863
1968,Male,35,0.0031828945837231856
1968,Male,40,0.004863182443737646
1968,Male,45,0.007758501594627867
1968,Male,50,0.012299243830241322
1968,Male,55,0.018960885118310816
1968,Male,60,0.02929044067877653
1968,Male,65,0.04246132198179528
1968,Male,70,0.061877190678691
1968,Male,75,0.08999966264184685
1968,Male,80,0.13030457993960606
1969,Female,0,0.0044570748272960295
1969,Female,5,0.0003598603632723615
1969,Female,10,0.00031030217571074157
1969,Female,15,0.0006338028324150099
1969,Female,20,0.0007505708453819871
1969,Female,25,0.0008625178676932131
1969,Female,30,0.001227100847051104
1969,Female,35,0.0018625112765763164
1969,Female,40,0.002825175299736537
1969,Female,45,0.00421714918063895
1969,Female,50,0.0061594703936226815
1969,Female,55,0.009047407328020693
1969,Female,60,0.013242194174228228
1969,Female,65,0.021020827882851867
1969,Female,70,0.03296943886272091
1969,Female,75,0.055054900601490854
1969,Female,80,0.09240427363668709
1969,Male,0,0.005740590389986122
1969,Male,5,0.0005181972289960342
1969,Male,10,0.0005151239981398255
1969,Male,15,0.0016565033939267251
1969,Male,20,0.0022721415952071094
1969,Male,25,0.0020764947384129735
1969,Male,30,0.0022933250872844285
1969,Male,35,0.0032147440807861493
1969,Male,40,0.0049180676615112094
1969,Male,45,0.007668263128735435
1969,Male,50,0.011953471971285143
1969,Male,55,0.018714389325402002
1969,Male,60,0.028268659293401575
1969,Male,65,0.041921029309913524
1969,Male,70,0.06036444673614829
1969,Male,75,0.08768265697100358
1969,Male,80,0.12903586700487615
1970,Female,0,0.004310476341603063
1970,Female,5,0.0003445947341095993
1970,Female,10,0.0002944445268321938
1970,Female,15,0.0006146237268433207
1970,Female,20,0.0007458421808918733
1970,Female,25,0.0008726735524024328
1970,Female,30,0.0011763499809690696
1970,Female,35,0.001836281626448005
1970,Female,40,0.0027560048684718346
1970,Female,45,0.0042243271985123124
1970,Female,50,0.006203241805554267
1970,Female,55,0.009069920653149627
1970,Female,60,0.013156708115441682
1970,Female,65,0.02046573229735032
1970,Female,70,0.03268972280360738
1970,Female,75,0.05414890450262333
1970,Female,80,0.08914843058758148
1970,Male,0,0.005533810056426257
1970,Male,5,0.0004997311958587558
1970,Male,10,0.0005128189697173571
1970,Male,15,0.001585035187237488
1970,Male,20,0.002227167418175908
1970,Male,25,0.0020076477439117503
1970,Male,30,0.002290807165182992
1970,Male,35,0.0031445530419143075
1970,Male,40,0.004852676966051832
1970,Male,45,0.007562566887439638
1970,Male,50,0.011817344181677718
1970,Male,55,0.018613182299176894
1970,Male,60,0.027935706840100032
1970,Male,65,0.04130473416082709
1970,Male,70,0.05944634710715342
1970,Male,75,0.08752012929372717
1970,Male,80,0.12654361293810873
1971,Female,0,0.0038744981318442812
1971,Female,5,0.00035070925813658014
1971,Female,10,0.00030034747245211423
1971,Female,15,0.0006228984150561616
1971,Female,20,0.0007282949302198704
1971,Female,25,0.0008691668547233831
1971,Female,30,0.0011688787068914598
1971,Female,35,0.0017660522823705481
1971,Female,40,0.0027362932549085906
1971,Female,45,0.004111614732896397
1971,Female,50,0.006055175592169006
1971,Female,55,0.008850076753184478
1971,Female,60,0.013001931693662289
1971,Female,65,0.019694220341635746
1971,Female,70,0.03212086230267343
1971,Female,75,0.05268763509694455
1971,Female,80,0.08687109319278373
1971,Male,0,0.004965628569446046
1971,Male,5,0.0004938868356804189
1971,Male,10,0.0004945131096251141
1971,Male,15,0.0015889059251833287
1971,Male,20,0.0021841046444422813
1971,Male,25,0.002041070126497575
1971,Male,30,0.0022446042363608305
1971,Male,35,0.0031225050881579174
1971,Male,40,0.004662562216186636
1971,Male,45,0.007356999438328125
1971,Male,50,0.01150253564925329
1971,Male,55,0.018119040244639034
1971,Male,60,0.02726033777231674
1971,Male,65,0.04023980339515579
1971,Male,70,0.05890891004269931
1971,Male,75,0.08632673185163349
1971,Male,80,0.12419169747866392
1972,Female,0,0.0037153715159851442
1972,Female,5,0.00034903090881312486
1972,Female,10,0.00029958989054214324
1972,Female,15,0.0006120661005459319
1972,Female,20,0.0007345767361418851
1972,Female,25,0.0008290734106245771
1972,Female,30,0.001154919735947332
1972,Female,35,0.0017229039988367189
1972,Female,40,0.002686413236310011
1972,Female,45,0.004103073476126357
1972,Female,50,0.005864193816794501
1972,Female,55,0.008833812989682029
1972,Female,60,0.012843686041604513
1972,Female,65,0.019871827828841854
1972,Female,70,0.03266315602609792
1972,Female,75,0.052538846849088126
1972,Female,80,0.08532805179979089
1972,Male,0,0.004821230393533465
1972,Male,5,0.0004690234635369763
1972,Male,10,0.000503568017894687
1972,Male,15,0.0016003810170606726
1972,Male,20,0.0021939878640523285
1972,Male,25,0.0020007539374020744
1972,Male,30,0.0022428497457017407
1972,Male,35,0.0030422186045918585
1972,Male,40,0.004624839556039808
1972,Male,45,0.007496773960407549
1972,Male,50,0.01145700128009738
1972,Male,55,0.018106593381085324
1972,Male,60,0.027479328800354908
1972,Male,65,0.04027242504754838
1972,Male,70,0.06038548406690721
1972,Male,75,0.0873301874385941
1972,Male,80,0.12447121636178134
1973,Female,0,0.0036445508330901267
1973,Female,5,0.0003433320805629605
1973,Female,10,0.00028954740304353987
1973,Female,15,0.0006086663554249051
1973,Female,20,0.0007165175342998159
1973,Female,25,0.0008101684777594298
1973,Female,30,0.0011045315778990428
1973,Female,35,0.001701083017424994
1973,Female,40,0.0026066005861081695
1973,Female,45,0.004032209474746621
1973,Female,50,0.005823036742114096
1973,Female,55,0.008832453988105934
1973,Female,60,0.012717133301894102
1973,Female,65,0.019102897291999703
1973,Female,70,0.03164976584201619
1973,Female,75,0.05169282416987908
1973,Female,80,0.08319999549696373
1973,Male,0,0.004713914215769452
1973,Male,5,0.00048166161644450453
1973,Male,10,0.0005105649897587818
1973,Male,15,0.0016141479720330604
1973,Male,20,0.0021991209735087577
1973,Male,25,0.0020495021426576348
1973,Male,30,0.0022281628768926537
1973,Male,35,0.0030426104790913858
1973,Male,40,0.004520750774395739
1973,Male,45,0.007331841597513186
1973,Male,50,0.011089479810629398
1973,Male,55,0.017796338990353537
1973,Male,60,0.026867048776154794
1973,Male,65,0.03961209655001812
1973,Male,70,0.05920273817629833
1973,Male,75,0.08605585872894685
1973,Male,80,0.12286906184591355
1974,Female,0,0.003531855692036405
1974,Female,5,0.00030073964229045515
1974,Female,10,0.0002785777982957498
1974,Female,15,0.0005569852528944233
1974,Female,20,0.0006722735246940942
1974,Female,25,0.0007787388932824147
1974,Female,30,0.0010354463357553092
1974,Female,35,0.0015587011318210124
1974,Female,40,0.0025050864394902646
1974,Female,45,0.003819765147539586
1974,Female,50,0.005616423180047405
1974,Female,55,0.008373088092791489
1974,Female,60,0.012461315613608205
1974,Female,65,0.018305721289805316
1974,Female,70,0.030830959925142398
1974,Female,75,0.048872284528720916
1974,Female,80,0.08054619803502015
1974,Male,0,0.0045264451540077705
1974,Male,5,0.0004436736284128287
1974,Male,10,0.0004811386125805858
1974,Male,15,0.0015370279635964902
1974,Male,20,0.0020885753717079293
1974,Male,25,0.0019392580636956968
1974,Male,30,0.002134924106659106
1974,Male,35,0.002847375902032384
1974,Male,40,0.004294280391937922
1974,Male,45,0.007090084850009931
1974,Male,50,0.010765678576038856
1974,Male,55,0.01694270258134644
1974,Male,60,0.025766175996138597
1974,Male,65,0.038229844564088
1974,Male,70,0.05779781767457727
1974,Male,75,0.08231813736458404
1974,Male,80,0.11908944936676806
1975,Female,0,0.0033344262834521673
1975,Female,5,0.00028644480449218913
1975,Female,10,0.00025217525480060205
1975,Female,15,0.0005380017412671661
1975,Female,20,0.0006627359263754193
1975,Female,25,0.0007355072319296394
1975,Female,30,0.0009671691285368679
1975,Female,35,0.0014707893220949034
1975,Female,40,0.0023772031966617013
1975,Female,45,0.0036520645960095217
1975,Female,50,0.0054323045239585135
1975,Female,55,0.008140778957628065
1975,Female,60,0.012016968659881912
1975,Female,65,0.01739852685696468
1975,Female,70,0.02965574325223188
1975,Female,75,0.04629797660233418
1975,Female,80,0.0766466779495805
1975,Male,0,0.004198928619730812
1975,Male,5,0.0004144618968777946
1975,Male,10,0.0004464605484489955
1975,Male,15,0.0014581717773793361
1975,Male,20,0.0020627461513648875
1975,Male,25,0.001956587434229909
1975,Male,30,0.0020376624896346947
1975,Male,35,0.002759814316560304
1975,Male,40,0.004174188786421505
1975,Male,45,0.006692592437160803
1975,Male,50,0.010497202022328673
1975,Male,55,0.01622033050508922
1975,Male,60,0.025057080272371912
1975,Male,65,0.03667143372294958
1975,Male,70,0.05633883414214955
1975,Male,75,0.0795670766917522
1975,Male,80,0.11614407180874695
1976,Female,0,0.003237691255544821
1976,Female,5,0.0002777622916102506
1976,Female,10,0.0002449627530319095
1976,Female,15,0.0005253037909811668
1976,Female,20,0.000633085028348611
1976,Female,25,0.0007071638152720724
1976,Female,30,0.0009294995902698298
1976,Female,35,0.0013967530019281913
1976,Female,40,0.002263297311855124
1976,Female,45,0.003549438129974939
1976,Female,50,0.0053485862491216615
1976,Female,55,0.00797335116815059
1976,Female,60,0.011997345707556317
1976,Female,65,0.01717881560696219
1976,Female,70,0.028818057006599295
1976,Female,75,0.045561865487208836
1976,Female,80,0.07577863590085747
1976,Male,0,0.004049885522886642
1976,Male,5,0.00040136334539880755
1976,Male,10,0.00042941709837272704
1976,Male,15,0.0013789793135263293
1976,Male,20,0.0019467132559258284
1976,Male,25,0.0018250153490183506
1976,Male,30,0.0019330758134988406
1976,Male,35,0.002612570373111743
1976,Male,40,0.00404641410013895
1976,Male,45,0.0064999873161094455
1976,Male,50,0.010227695861039828
1976,Male,55,0.015835090912346632
1976,Male,60,0.02470129848344247
1976,Male,65,0.036108780968159726
1976,Male,70,0.05521351486649219
1976,Male,75,0.0789708933935555
1976,Male,80,0.11451157592038494
1977,Female,0,0.002993518894358012
1977,Female,5,0.0002660651598275619
1977,Female,10,0.0002499882059220298
1977,Female,15,0.0005543890533645004
1977,Female,20,0.0006401508293246308
1977,Female,25,0.0006949880919188886
1977,Female,30,0.0008927329697511078
1977,Female,35,0.001361626316277368
1977,Female,40,0.002220698139042414
1977,Female,45,0.003439179094531883
1977,Female,50,0.0052601418954238395
1977,Female,55,0.00771751325336543
1977,Female,60,0.011797359417021386
1977,Female,65,0.016891012161552105
1977,Female,70,0.02778995836347826
1977,Female,75,0.04379573440932777
1977,Female,80,0.07287051824129452
1977,Male,0,0.003802959272885491
1977,Male,5,0.00039807757166685057
1977,Male,10,0.0004312741479765889
1977,Male,15,0.0014302510374031416
1977,Male,20,0.001973723016351605
1977,Male,25,0.0018767122120966137
1977,Male,30,0.0019117686892902801
1977,Male,35,0.0025916419578307973
1977,Male,40,0.003921646905391499
1977,Male,45,0.0062689254825439005
1977,Male,50,0.010041800094975597
1977,Male,55,0.015258627569798492
1977,Male,60,0.02397928659405977
1977,Male,65,0.034842015503050286
1977,Male,70,0.05390078833625085
1977,Male,75,0.07704229376305724
1977,Male,80,0.11223904835404346
1978,Female,0,0.0029139650752810346
1978,Female,5,0.0002731947814665197
1978,Female,10,0.00023992407138122626
1978,Female,15,0.0005423752877077763
1978,Female,20,0.0006510837083040568
1978,Female,25,0.0007036461516437227
1978,Female,30,0.0008726269993998993
1978,Female,35,0.0013005539766705917
1978,Female,40,0.0021577485383694156
1978,Female,45,0.0033953994411571897
1978,Female,50,0.005171996354658053
1978,Female,55,0.007568022517007127
1978,Female,60,0.011724992086372364
1978,Female,65,0.01678997709369105
1978,Female,70,0.02738709448462523
1978,Female,75,0.04290433498778341
1978,Female,80,0.07357949507740627
1978,Male,0,0.003677513718327886
1978,Male,5,0.00038153812012344554
1978,Male,10,0.00042376434694601313
1978,Male,15,0.0014193166642002535
1978,Male,20,0.0019810591390955665
1978,Male,25,0.0018533113752394828
1978,Male,30,0.001902946370949505
1978,Male,35,0.0025517142592941106
1978,Male,40,0.003819816842076977
1978,Male,45,0.006095417097576195
1978,Male,50,0.009870487057340453
1978,Male,55,0.01484410018629402
1978,Male,60,0.023754574882810464
1978,Male,65,0.03446857965733245
1978,Male,70,0.05312463009172604
1978,Male,75,0.07520126222835254
1978,Male,80,0.1138701070470129
1979,Female,0,0.00280736558723359
1979,Female,5,0.0002558148984346636
1979,Female,10,0.0002315196650373989
1979,Female,15,0.000525758676585394
1979,Female,20,0.0006244706888274628
1979,Female,25,0.0006763789536433736
1979,Female,30,0.000840611326683396
1979,Female,35,0.0012841467144850515
1979,Female,40,0.002028653249310228
1979,Female,45,0.0031827621655758378
1979,Female,50,0.005009072574408214
1979,Female,55,0.00733835337419692
1979,Female,60,0.011316144173169564
1979,Female,65,0.016489912167041366
1979,Female,70,0.026384770162581644
1979,Female,75,0.041526079064619165
1979,Female,80,0.07142210028520939
1979,Male,0,0.0035310710700505754
1979,Male,5,0.0003703715736581437
1979,Male,10,0.00039656671465362404
1979,Male,15,0.0014269541134640097
1979,Male,20,0.0019950737246359823
1979,Male,25,0.0019333862934524163
1979,Male,30,0.0019240815041878447
1979,Male,35,0.0024646369936903592
1979,Male,40,0.0036981043928714778
1979,Male,45,0.00592341694666618
1979,Male,50,0.009558706160810341
1979,Male,55,0.014431466379786113
1979,Male,60,0.02272431096309559
1979,Male,65,0.03340250811631116
1979,Male,70,0.05117019080705808
1979,Male,75,0.07301472037660126
1979,Male,80,0.11077910974688106
1980,Female,0,0.0026992064439805012
1980,Female,5,0.0002585957478236992
1980,Female,10,0.00022868410053821512
1980,Female,15,0.0005294894617735207
1980,Female,20,0.000617777600545659
1980,Female,25,0.0006778381397818999
1980,Female,30,0.0008431399370903663
1980,Female,35,0.0012427681746832774
1980,Female,40,0.0020072746218266417
1980,Female,45,0.003223037527451557
1980,Female,50,0.004989388760064191
1980,Female,55,0.007499686201659518
1980,Female,60,0.011431105607173272
1980,Female,65,0.017204665810596976
1980,Female,70,0.026786774762486264
1980,Female,75,0.04285709941754891
1980,Female,80,0.07342848447867585
1980,Female,85,0.11964688906579742
1980,Female,90,0.19377987068837382
1980,Female,95,0.2869145218832651
1980,Male,0,0.0034097415223924
1980,Male,5,0.0003535512262138943
1980,Male,10,0.00038249833696489034
1980,Male,15,0.0014052160944579136
1980,Male,20,0.0020270858131312625
1980,Male,25,0.0019432201944461762
1980,Male,30,0.0019463535649825157
1980,Male,35,0.0024434961954623055
1980,Male,40,0.003637565132140432
1980,Male,45,0.005853255800257672
1980,Male,50,0.009436142076062717
1980,Male,55,0.014646051194541427
1980,Male,60,0.022322719375403276
1980,Male,65,0.03409299785559942
1980,Male,70,0.051038554502556475
1980,Male,75,0.07535025137508183
1980,Male,80,0.1139110544720113
1980,Male,85,0.16439901231108744
1980,Male,90,0.24352225520508092
1980,Male,95,0.33844942901320285
1981,Female,0,0.0025616746961457737
1981,Female,5,0.00023678507984724106
1981,Female,10,0.0002208652180206169
1981,Female,15,0.000492757528882333
1981,Female,20,0.0005915587635135323
1981,Female,25,0.00067187875055475
1981,Female,30,0.0008167188480206307
1981,Female,35,0.0012183535679169627
1981,Female,40,0.0019219506761208867
1981,Female,45,0.0031656888172984015
1981,Female,50,0.004903720871814952
1981,Female,55,0.007473506933701401
1981,Female,60,0.011304976227887545
1981,Female,65,0.016978901406738252
1981,Female,70,0.026207273947846183
1981,Female,75,0.0410376852965005
1981,Female,80,0.0711875407672446
1981,Female,85,0.11783975801918138
1981,Female,90,0.18628803519066833
1981,Female,95,0.2683410788186954
1981,Male,0,0.0031879416588459094
1981,Male,5,0.0003443155182894923
1981,Male,10,0.0003684412602784643
1981,Male,15,0.001271482313021524
1981,Male,20,0.0018643161563498272
1981,Male,25,0.0018957965935127458
1981,Male,30,0.0019103026294010866
1981,Male,35,0.002415858270579424
1981,Male,40,0.003556551719448313
1981,Male,45,0.005757261132234824
1981,Male,50,0.009155826313423706
1981,Male,55,0.014354740116897895
1981,Male,60,0.021761101490908437
1981,Male,65,0.0331600333722485
1981,Male,70,0.05009231445026997
1981,Male,75,0.07328205397403108
1981,Male,80,0.11103012953141425
1981,Male,85,0.16306682365556052
1981,Male,90,0.23108191791830107
1981,Male,95,0.32745874512856926
1982,Female,0,0.0024735593277438865
1982,Female,5,0.00023443671412636834
1982,Female,10,0.00021155584367182735
1982,Female,15,0.0004554426962946714
1982,Female,20,0.0005625720897352121
1982,Female,25,0.0006307054926853956
1982,Female,30,0.0007862585042038474
1982,Female,35,0.0011490937742708023
1982,Female,40,0.0018480134952859207
1982,Female,45,0.0030343027104032796
1982,Female,50,0.00472600429718373
1982,Female,55,0.007343186070409832
1982,Female,60,0.011242255676889093
1982,Female,65,0.016796224561681276
1982,Female,70,0.02597880748008677
1982,Female,75,0.04105101442495281
1982,Female,80,0.06972616134236483
1982,Female,85,0.1149474732135565
1982,Female,90,0.17957627367971726
1982,Female,95,0.2560605201479288
1982,Male,0,0.0030921285412255583
1982,Male,5,0.00032865229566731455
1982,Male,10,0.00034933221416118216
1982,Male,15,0.0012126108474410546
1982,Male,20,0.0017336134345661753
1982,Male,25,0.0017494781281141296
1982,Male,30,0.001869495353402053
1982,Male,35,0.002292440334076976
1982,Male,40,0.0033415702995632313
1982,Male,45,0.0054828018109481
1982,Male,50,0.00882279606750139
1982,Male,55,0.013977623251772773
1982,Male,60,0.02133746392039947
1982,Male,65,0.03267625068764644
1982,Male,70,0.04912325245377571
1982,Male,75,0.07307410875958396
1982,Male,80,0.10867326243192746
1982,Male,85,0.16057251776339604
1982,Male,90,0.22497344783270895
1982,Male,95,0.30603827332044453
1983,Female,0,0.002368198840346559
1983,Female,5,0.00021990782844050704
1983,Female,10,0.00020083982560704716
1983,Female,15,0.0004525721546800799
1983,Female,20,0.0005464055892080969
1983,Female,25,0.0006240343868964042
1983,Female,30,0.0007664730535782684
1983,Female,35,0.0011234394721108707
1983,Female,40,0.0018042486581861428
1983,Female,45,0.0029470381350137965
1983,Female,50,0.0047768389528877854
1983,Female,55,0.007376383361607347
1983,Female,60,0.011355876616181884
1983,Female,65,0.016824708744604146
1983,Female,70,0.026228021564793803
1983,Female,75,0.0411503364969195
1983,Female,80,0.07007827899301886
1983,Female,85,0.11697783666904749
1983,Female,90,0.18594446846247698
1983,Female,95,0.2574623483082458
1983,Male,0,0.002965434851009919
1983,Male,5,0.00030766112579502867
1983,Male,10,0.00033955537038936345
1983,Male,15,0.001131715132539749
1983,Male,20,0.0016088341513029747
1983,Male,25,0.0016660554858750176
1983,Male,30,0.001830600789124452
1983,Male,35,0.0022396611190146232
1983,Male,40,0.0032787501492857717
1983,Male,45,0.0052736652281119446
1983,Male,50,0.008648184010453355
1983,Male,55,0.013917687886035776
1983,Male,60,0.021282235018134775
1983,Male,65,0.032320793785241
1983,Male,70,0.049434499295273666
1983,Male,75,0.07391125443394778
1983,Male,80,0.11060173071427548
1983,Male,85,0.16425417776023193
1983,Male,90,0.23010111618861573
1983,Male,95,0.29724820451968864
1984,Female,0,0.0023487257385073072
1984,Female,5,0.00020793064329714138
1984,Female,10,0.0002130939497082267
1984,Female,15,0.0004586911359229673
1984,Female,20,0.0005493480547787723
1984,Female,25,0.0006060097610168115
1984,Female,30,0.0007829416284151975
1984,Female,35,0.0011337417063965137
1984,Female,40,0.0018087694308629933
1984,Female,45,0.0029058037594007803
1984,Female,50,0.004657503612261719
1984,Female,55,0.007313788109271862
1984,Female,60,0.011262638795901699
1984,Female,65,0.016845557024971952
1984,Female,70,0.026157633799292767
1984,Female,75,0.04103573309750003
1984,Female,80,0.0696034036670585
1984,Female,85,0.11621564493999995
1984,Female,90,0.18321947610882425
1984,Female,95,0.25383012292379686
1984,Male,0,0.0029050940810547285
1984,Male,5,0.00029623234362522317
1984,Male,10,0.0003439475147912263
1984,Male,15,0.0011225594550672894
1984,Male,20,0.0016355050465706763
1984,Male,25,0.0016548808732409037
1984,Male,30,0.00186501932269306
1984,Male,35,0.0022811843375914057
1984,Male,40,0.00330280744556751
1984,Male,45,0.005182224582581664
1984,Male,50,0.008486117048541925
1984,Male,55,0.013658587633105132
1984,Male,60,0.021105921102798013
1984,Male,65,0.0317073747937606
1984,Male,70,0.048777563321031905
1984,Male,75,0.07263724885107462
1984,Male,80,0.1101949702039626
1984,Male,85,0.163719066932757
1984,Male,90,0.22928058266628212
1984,Male,95,0.2882659155508218
1985,Female,0,0.002260503757091949
1985,Female,5,0.00021251115258839006
1985,Female,10,0.00020384250016909888
1985,Female,15,0.00046121654570548804
1985,Female,20,0.0005247905498208993
1985,Female,25,0.0006024213979804561
1985,Female,30,0.0007944851836454089
1985,Female,35,0.0011153556880210823
1985,Female,40,0.0017463753177299646
1985,Female,45,0.002892852366118471
1985,Female,50,0.00467416927870581
1985,Female,55,0.007278347207526309
1985,Female,60,0.011272753688734413
1985,Female,65,0.01682221062117626
1985,Female,70,0.02614234836991845
1985,Female,75,0.041145369618412746
1985,Female,80,0.06972693486908912
1985,Female,85,0.11742706296820322
1985,Female,90,0.18931143129888847
1985,Female,95,0.2604205247177836
1985,Male,0,0.002909249601086139
1985,Male,5,0.00028438930420017754
1985,Male,10,0.00034529460281833714
1985,Male,15,0.0011315219040315626
1985,Male,20,0.0016156657454323784
1985,Male,25,0.0016797611477205637
1985,Male,30,0.001927902140010909
1985,Male,35,0.0023792673352765826
1985,Male,40,0.003332255408699563
1985,Male,45,0.0051689515870871755
1985,Male,50,0.008417209511911898
1985,Male,55,0.01358811289084142
1985,Male,60,0.02090883361258776
1985,Male,65,0.03141688194236312
1985,Male,70,0.04882684389524171
1985,Male,75,0.072900302982324
1985,Male,80,0.11148653342938233
1985,Male,85,0.16614865593336617
1985,Male,90,0.23559624740729915
1985,Male,95,0.28641353427391647
1986,Female,0,0.0022152354893687806
1986,Female,5,0.00019661844400772362
1986,Female,10,0.00020293837455237965
1986,Female,15,0.00048280821285644475
1986,Female,20,0.000550988660566639
1986,Female,25,0.0006296882682814426
1986,Female,30,0.0008207202829029337
1986,Female,35,0.001111551090891593
1986,Female,40,0.0017776083743691507
1986,Female,45,0.0028242000107044536
1986,Female,50,0.004637862062067245
1986,Female,55,0.007031905244431272
1986,Female,60,0.011250854918748113
1986,Female,65,0.0167996300668811
1986,Female,70,0.026181915141537164
1986,Female,75,0.04071168060769355
1986,Female,80,0.06820766684511184
1986,Female,85,0.1147755706947178
1986,Female,90,0.1908326882275456
1986,Female,95,0.2621417510105236
1986,Male,0,0.002815354940753121
1986,Male,5,0.00027785951406185204
1986,Male,10,0.0003608024363371186
1986,Male,15,0.001231081143974889
1986,Male,20,0.0017213267321344403
1986,Male,25,0.0017862406789949533
1986,Male,30,0.002127585470253288
1986,Male,35,0.0025119671596804654
1986,Male,40,0.0033803648538582197
1986,Male,45,0.005075224200472943
1986,Male,50,0.008255763159606452
1986,Male,55,0.013080330606587875
1986,Male,60,0.020545099778098486
1986,Male,65,0.03077696853837917
1986,Male,70,0.04811902348576007
1986,Male,75,0.07177868208604596
1986,Male,80,0.1092816195390971
1986,Male,85,0.1604882367216647
1986,Male,90,0.24003165152923134
1986,Male,95,0.28354394877384603
1987,Female,0,0.002203039355939049
1987,Female,5,0.00019525148039226727
1987,Female,10,0.000187697093998821
1987,Female,15,0.00047555324210662504
1987,Female,20,0.0005440332410037266
1987,Female,25,0.0006504246931649066
1987,Female,30,0.0008443554911816406
1987,Female,35,0.0011562527794495353
1987,Female,40,0.0016900511079118712
1987,Female,45,0.0028046520408475687
1987,Female,50,0.004606344989247534
1987,Female,55,0.00703681265808177
1987,Female,60,0.011129504848877723
1987,Female,65,0.01668048908164583
1987,Female,70,0.025824456948216796
1987,Female,75,0.04031075272471265
1987,Female,80,0.06765676689189797
1987,Female,85,0.11351787965563127
1987,Female,90,0.1944878769119232
1987,Female,95,0.26923873452508773
1987,Male,0,0.002764716340261717
1987,Male,5,0.00029501062878895326
1987,Male,10,0.000351423241972718
1987,Male,15,0.0011728356303835404
1987,Male,20,0.0016605996544808426
1987,Male,25,0.0017718517892585633
1987,Male,30,0.002142540353908293
1987,Male,35,0.0026184989130722002
1987,Male,40,0.0033320723852833397
1987,Male,45,0.005031666862409817
1987,Male,50,0.008193917660395306
1987,Male,55,0.012831212643242653
1987,Male,60,0.02033235754199662
1987,Male,65,0.030267099444512686
1987,Male,70,0.047363031287886305
1987,Male,75,0.07070914678384443
1987,Male,80,0.10822159429923686
1987,Male,85,0.15729758431749638
1987,Male,90,0.24167601788003182
1987,Male,95,0.29909529248268396
1988,Female,0,0.002205656790709407
1988,Female,5,0.00020544905699500354
1988,Female,10,0.00020705305605583303
1988,Female,15,0.0004770968481298127
1988,Female,20,0.0005456915632287713
1988,Female,25,0.0006604545722698935
1988,Female,30,0.000838479752558459
1988,Female,35,0.0011687576561795875
1988,Female,40,0.0017142505175719244
1988,Female,45,0.0027753954239721286
1988,Female,50,0.00452001656625356
1988,Female,55,0.007148700364748545
1988,Female,60,0.011089783464066564
1988,Female,65,0.016628823991253976
1988,Female,70,0.02577771546646836
1988,Female,75,0.040346604843523204
1988,Female,80,0.0685336415936401
1988,Female,85,0.11546028727073473
1988,Female,90,0.20014886628077883
1988,Female,95,0.2821531754084793
1988,Male,0,0.002746628980912636
1988,Male,5,0.0002829304720050777
1988,Male,10,0.0003451876330622195
1988,Male,15,0.0012175161800936334
1988,Male,20,0.0016897628560786776
1988,Male,25,0.0018037830424128363
1988,Male,30,0.002194580245280871
1988,Male,35,0.002716358547202528
1988,Male,40,0.0034326981884446168
1988,Male,45,0.005032942584160581
1988,Male,50,0.007973954387243073
1988,Male,55,0.012733266573929569
1988,Male,60,0.02005782770916083
1988,Male,65,0.030188191436925166
1988,Male,70,0.046608920355767226
1988,Male,75,0.07016253365839238
1988,Male,80,0.10874033468434918
1988,Male,85,0.1599794017013447
1988,Male,90,0.25372131024239086
1988,Male,95,0.3174569208991053
1989,Female,0,0.00221999102731291
1989,Female,5,0.00020869995629203586
1989,Female,10,0.00020689352859254258
1989,Female,15,0.00048456970795433373
1989,Female,20,0.000530518754851134
1989,Female,25,0.0006516673036851587
1989,Female,30,0.0008629358252662407
1989,Female,35,0.0011357240996117126
1989,Female,40,0.0017095230784692367
1989,Female,45,0.002677282496348833
1989,Female,50,0.0044037454142807145
1989,Female,55,0.006974762465119626
1989,Female,60,0.010799213527735675
1989,Female,65,0.01631087317284676
1989,Female,70,0.025199984462986734
1989,Female,75,0.039635486642933725
1989,Female,80,0.06617694684035737
1989,Female,85,0.11182898764740068
1989,Female,90,0.1936817977215775
1989,Female,95,0.27813768568622077
1989,Male,0,0.002728559938675972
1989,Male,5,0.00027532934157157175
1989,Male,10,0.00034070864966222506
1989,Male,15,0.0011887034257977588
1989,Male,20,0.0016256345036970241
1989,Male,25,0.0018410814559591988
1989,Male,30,0.0022493962606124317
1989,Male,35,0.0027858727279907953
1989,Male,40,0.0034635377058911954
1989,Male,45,0.005017561640936134
1989,Male,50,0.007774751685718974
1989,Male,55,0.012496581672293509
1989,Male,60,0.019461132011226005
1989,Male,65,0.029256344898192295
1989,Male,70,0.04479083206698322
1989,Male,75,0.06772953642585203
1989,Male,80,0.10464673998329092
1989,Male,85,0.15601924226386726
1989,Male,90,0.24524095830901477
1989,Male,95,0.31172319928533543
1990,Female,0,0.00204481652211523
1990,Female,5,0.00018619379903899008
1990,Female,10,0.00020165640880464853
1990,Female,15,0.000465379632051697
1990,Female,20,0.0005132718755502182
1990,Female,25,0.0006381460765776678
1990,Female,30,0.0008413426443936736
1990,Female,35,0.0011440751312621357
1990,Female,40,0.0016391137435852663
1990,Female,45,0.0026809075451087678
1990,Female,50,0.00432433040941564
1990,Female,55,0.006827941694532466
1990,Female,60,0.010696119280438348
1990,Female,65,0.016025278715604465
1990,Female,70,0.024716840209974063
1990,Female,75,0.03869641180955015
1990,Female,80,0.06442577713677056
1990,Female,85,0.1092582655976497
1990,Female,90,0.18833686173957462
1990,Female,95,0.2790958688487728
1990,Male,0,0.0025812862764084824
1990,Male,5,0.0002562324775632038
1990,Male,10,0.00031714028916116023
1990,Male,15,0.001261485166741889
1990,Male,20,0.0016632588591715034
1990,Male,25,0.0018513015047323203
1990,Male,30,0.002223641774201057
1990,Male,35,0.0027923808716817156
1990,Male,40,0.003426603958874583
1990,Male,45,0.004914665384364794
1990,Male,50,0.007561424804684335
1990,Male,55,0.012107237772528928
1990,Male,60,0.019040536743475098
1990,Male,65,0.02856333738525043
1990,Male,70,0.04362955137918574
1990,Male,75,0.0664149460470932
1990,Male,80,0.10268345292626643
1990,Male,85,0.15449249351250166
1990,Male,90,0.24474657764887936
1990,Male,95,0.31510575385908696
1991,Female,0,0.001968621507751333
1991,Female,5,0.00018427476382810412
1991,Female,10,0.00018309520453368893
1991,Female,15,0.0004680536674817533
1991,Female,20,0.000524457689924209
1991,Female,25,0.00062232741253649
1991,Female,30,0.0008442653305055865
1991,Female,35,0.0011644573465640008
1991,Female,40,0.001637361055745707
1991,Female,45,0.002679860422207594
1991,Female,50,0.0042441691659192895
1991,Female,55,0.006855733090545754
1991,Female,60,0.010512934499460103
1991,Female,65,0.015933461037995353
1991,Female,70,0.024587107417079264
1991,Female,75,0.03809871534767209
1991,Female,80,0.0635566512167502
1991,Female,85,0.1083006532188056
1991,Female,90,0.1836744040068519
1991,Female,95,0.2869816379921871
1991,Male,0,0.002481921540256192
1991,Male,5,0.0002453350098170042
1991,Male,10,0.00033121453131138815
1991,Male,15,0.001270654516879878
1991,Male,20,0.0016552003057553513
1991,Male,25,0.0018054402321455796
1991,Male,30,0.0022221952066830137
1991,Male,35,0.0028023593191713837
1991,Male,40,0.003457725216907104
1991,Male,45,0.00496379174017521
1991,Male,50,0.007372527182605365
1991,Male,55,0.011915876948530794
1991,Male,60,0.018587926842531178
1991,Male,65,0.028210137161291636
1991,Male,70,0.04278470084681363
1991,Male,75,0.06462917614334822
1991,Male,80,0.10214945961588622
1991,Male,85,0.15503765349688858
1991,Male,90,0.23674248692340455
1991,Male,95,0.3398433296863369
1992,Female,0,0.0018741801063684488
1992,Female,5,0.00016813237238703994
1992,Female,10,0.00018209317939447186
1992,Female,15,0.0004374467518424035
1992,Female,20,0.000497200109329845
1992,Female,25,0.0006146289970293738
1992,Female,30,0.0008279130415764991
1992,Female,35,0.0011724786855911238
1992,Female,40,0.0016719453365852226
1992,Female,45,0.002574651824055758
1992,Female,50,0.004171796742947041
1992,Female,55,0.00669533256593422
1992,Female,60,0.010328277589155216
1992,Female,65,0.015814259272507066
1992,Female,70,0.024432358276873716
1992,Female,75,0.0374241118624257
1992,Female,80,0.06262971856502134
1992,Female,85,0.1055856026862471
1992,Female,90,0.17752901914282224
1992,Female,95,0.279669716026474
1992,Male,0,0.0023158366580869664
1992,Male,5,0.0002371883649436635
1992,Male,10,0.0003084887237676523
1992,Male,15,0.001213552430251338
1992,Male,20,0.001580625595338814
1992,Male,25,0.001745401808540184
1992,Male,30,0.0022123987006427612
1992,Male,35,0.002826016761937216
1992,Male,40,0.0036051549328625304
1992,Male,45,0.004905431394015894
1992,Male,50,0.00726452443059618
1992,Male,55,0.011573809882254937
1992,Male,60,0.0180549698259517
1992,Male,65,0.02782500019584158
1992,Male,70,0.041592101505329535
1992,Male,75,0.06312842172333308
1992,Male,80,0.09964343247750419
1992,Male,85,0.15303943002401796
1992,Male,90,0.2353851219188182
1992,Male,95,0.34241985086239773
1993,Female,0,0.0018520929558554558
1993,Female,5,0.0001891332645489969
1993,Female,10,0.00019157462289977074
1993,Female,15,0.0004514655873563558
1993,Female,20,0.000508204194642196
1993,Female,25,0.0006316644986582861
1993,Female,30,0.0008539876573222445
1993,Female,35,0.0012093199742600987
1993,Female,40,0.0017040626203884666
1993,Female,45,0.0026486170689136814
1993,Female,50,0.004177457861344555
1993,Female,55,0.006700871703653887
1993,Female,60,0.010509530458294286
1993,Female,65,0.015983604213055978
1993,Female,70,0.024690281033645053
1993,Female,75,0.03853631952352075
1993,Female,80,0.06443288026202718
1993,Female,85,0.1100023707395216
1993,Female,90,0.18351753819493194
1993,Female,95,0.2996821923314282
1993,Male,0,0.0022982914255960203
1993,Male,5,0.00023089228940737305
1993,Male,10,0.00031611549191354105
1993,Male,15,0.001245676568979804
1993,Male,20,0.0016294896321973774
1993,Male,25,0.0017524207976930928
1993,Male,30,0.002295692558990416
1993,Male,35,0.002895921547655446
1993,Male,40,0.0037260865176146477
1993,Male,45,0.004920684451695965
1993,Male,50,0.007333731739789989
1993,Male,55,0.011531005093700471
1993,Male,60,0.018125612519152436
1993,Male,65,0.027876255254562794
1993,Male,70,0.041687879119311634
1993,Male,75,0.0640679801474234
1993,Male,80,0.10207089759013424
1993,Male,85,0.15835373574850262
1993,Male,90,0.23784635923680222
1993,Male,95,0.35726801398123464
1994,Female,0,0.001794541214261675
1994,Female,5,0.00016862069711186955
1994,Female,10,0.00018602763363414004
1994,Female,15,0.0004434704507833726
1994,Female,20,0.0005067038913131024
1994,Female,25,0.0006353525340682785
1994,Female,30,0.0008717999308812223
1994,Female,35,0.0012398269891003718
1994,Female,40,0.0017159944418210081
1994,Female,45,0.002651183394936258
1994,Female,50,0.004152090370630683
1994,Female,55,0.0065364896336458965
1994,Female,60,0.010350996914159125
1994,Female,65,0.015805621346060988
1994,Female,70,0.024449646627844053
1994,Female,75,0.03805684202606366
1994,Female,80,0.06410749050415498
1994,Female,85,0.1090042530714714
1994,Female,90,0.17891002919270313
1994,Female,95,0.2950857948231156
1994,Male,0,0.002195086285892032
1994,Male,5,0.00022505922900960314
1994,Male,10,0.0003081235894307011
1994,Male,15,0.00125056156042163
1994,Male,20,0.0016162381405793712
1994,Male,25,0.0017217069074693448
1994,Male,30,0.002301357434711122
1994,Male,35,0.002915898600599467
1994,Male,40,0.0037887884630185345
1994,Male,45,0.004942184059384133
1994,Male,50,0.007337837697609031
1994,Male,55,0.011151514759982502
1994,Male,60,0.01785155204949585
1994,Male,65,0.027111161669013662
1994,Male,70,0.040873186957661456
1994,Male,75,0.061882924065712795
1994,Male,80,0.10012748454569058
1994,Male,85,0.1557370516865187
1994,Male,90,0.2312072965128987
1994,Male,95,0.35116440313457775
1995,Female,0,0.0016967707220924568
1995,Female,5,0.00016485121267901547
1995,Female,10,0.0001933065863489538
1995,Female,15,0.00045217283752939895
1995,Female,20,0.0004945439988477604
1995,Female,25,0.0006251889776463874
1995,Female,30,0.0008767455624156924
1995,Female,35,0.0012565042286659654
1995,Female,40,0.0017672440055682248
1995,Female,45,0.0025948078356023896
1995,Female,50,0.004122113900998521
1995,Female,55,0.006547345121129343
1995,Female,60,0.01035462398145998
1995,Female,65,0.01566217727769417
1995,Female,70,0.024314295283417116
1995,Female,75,0.03813218268995984
1995,Female,80,0.06376407817303048
1995,Female,85,0.11095818594593365
1995,Female,90,0.17916881261796425
1995,Female,95,0.29913905607808133
1995,Male,0,0.002076038117657749
1995,Male,5,0.00022228719213356643
1995,Male,10,0.00030569227633092243
1995,Male,15,0.001182176139224274
1995,Male,20,0.0015808485696634134
1995,Male,25,0.0016729002762409378
1995,Male,30,0.0022493814577524197
1995,Male,35,0.0028939582539542485
1995,Male,40,0.003799398497277665
1995,Male,45,0.004957908659795637
1995,Male,50,0.007208546653372787
1995,Male,55,0.011008731441245407
1995,Male,60,0.01748456450414456
1995,Male,65,0.02648317634312088
1995,Male,70,0.04030247729747128
1995,Male,75,0.0616075228081288
1995,Male,80,0.09886056792067326
1995,Male,85,0.15710118738137857
1995,Male,90,0.23008483957092224
1995,Male,95,0.3484502947189491
1996,Female,0,0.0016479464914993351
1996,Female,5,0.00016299670808796353
1996,Female,10,0.0001845693910243623
1996,Female,15,0.0004341899182632874
1996,Female,20,0.0004729441936776888
1996,Female,25,0.0005994152029107659
1996,Female,30,0.000834938894642493
1996,Female,35,0.0011987485932214222
1996,Female,40,0.0017237795232809012
1996,Female,45,0.0025346499109408895
1996,Female,50,0.004064647353843904
1996,Female,55,0.00637575207950869
1996,Female,60,0.010310332207133753
1996,Female,65,0.01543297988576176
1996,Female,70,0.024268982746223945
1996,Female,75,0.037980008605661655
1996,Female,80,0.06354298661325154
1996,Female,85,0.11004462032378699
1996,Female,90,0.18151840603906325
1996,Female,95,0.2929380557705232
1996,Male,0,0.0020040532147691742
1996,Male,5,0.00021588074431733083
1996,Male,10,0.00028152924463408993
1996,Male,15,0.0011048723300042778
1996,Male,20,0.0014977404061810476
1996,Male,25,0.0014835955344052513
1996,Male,30,0.0019241194672774558
1996,Male,35,0.0025407130359057766
1996,Male,40,0.0034723388193357483
1996,Male,45,0.00471213070090043
1996,Male,50,0.006931169817385577
1996,Male,55,0.010739979993629255
1996,Male,60,0.017290187168802873
1996,Male,65,0.02575085117923131
1996,Male,70,0.039843755586818505
1996,Male,75,0.06085654049772218
1996,Male,80,0.09746481557103248
1996,Male,85,0.1549153063706789
1996,Male,90,0.23225620407199016
1996,Male,95,0.3407214655256853
1997,Female,0,0.0015942192102854284
1997,Female,5,0.00016176090603244674
1997,Female,10,0.0001779855345252355
1997,Female,15,0.00042636223070608055
1997,Female,20,0.00048149175855928815
1997,Female,25,0.0005577463161600719
1997,Female,30,0.0007751196135369913
1997,Female,35,0.0011413244303156544
1997,Female,40,0.0016933321224683316
1997,Female,45,0.0024967221521208062
1997,Female,50,0.003927277370738792
1997,Female,55,0.006351738766993503
1997,Female,60,0.010134499603072705
1997,Female,65,0.015185740431083625
1997,Female,70,0.02400771937237115
1997,Female,75,0.03761214617389062
1997,Female,80,0.06275400362381704
1997,Female,85,0.10941869490874823
1997,Female,90,0.18279869403122187
1997,Female,95,0.2957976465974954
1997,Male,0,0.0019643647115467973
1997,Male,5,0.00019735576324157782
1997,Male,10,0.00027085674700877557
1997,Male,15,0.0010357126277068683
1997,Male,20,0.0014296514279549372
1997,Male,25,0.0013732984185480927
1997,Male,30,0.0016633060763255186
1997,Male,35,0.0022002763289579626
1997,Male,40,0.003149394749856716
1997,Male,45,0.004531569187911843
1997,Male,50,0.006597197823601142
1997,Male,55,0.010388143970301378
1997,Male,60,0.016589720072826896
1997,Male,65,0.02525670937684717
1997,Male,70,0.039272885381744296
1997,Male,75,0.05985010966397464
1997,Male,80,0.09571574122400027
1997,Male,85,0.15411246198676587
1997,Male,90,0.2324369268192116
1997,Male,95,0.3329709422348238
1998,Female,0,0.0016234654237773233
1998,Female,5,0.00014934352093818443
1998,Female,10,0.0001673854495490634
1998,Female,15,0.00040217234412351594
1998,Female,20,0.0004537930533783355
1998,Female,25,0.0005342710019835236
1998,Female,30,0.0007662494970991321
1998,Female,35,0.0011481147007220186
1998,Female,40,0.0016898965158009412
1998,Female,45,0.0024487843401496978
1998,Female,50,0.003836750756022212
1998,Female,55,0.006176851916657849
1998,Female,60,0.009883210951221735
1998,Female,65,0.015225621593355599
1998,Female,70,0.02406399456191475
1998,Female,75,0.03743468889621222
1998,Female,80,0.06352079683268243
1998,Female,85,0.10969576469170399
1998,Female,90,0.18375312782803427
1998,Female,95,0.2955730764772234
1998,Male,0,0.001937694506948982
1998,Male,5,0.00019436713968569636
1998,Male,10,0.00026121112862796897
1998,Male,15,0.0009744070066920248
1998,Male,20,0.0013820473746261846
1998,Male,25,0.0012916460816112258
1998,Male,30,0.0015474729391219415
1998,Male,35,0.0021050072342987045
1998,Male,40,0.0030813269307279146
1998,Male,45,0.004459360123122179
1998,Male,50,0.006455664581161045
1998,Male,55,0.01015395325952188
1998,Male,60,0.016134857956495656
1998,Male,65,0.024810611891653435
1998,Male,70,0.03865657726519145
1998,Male,75,0.058915445513212684
1998,Male,80,0.095213936547396
1998,Male,85,0.15170047617847104
1998,Male,90,0.22985781038710104
1998,Male,95,0.3266268375261144
1999,Female,0,0.0015714247708422022
1999,Female,5,0.0001505009474620027
1999,Female,10,0.00016185001686960397
1999,Female,15,0.00040891734213939176
1999,Female,20,0.0004666482217799891
1999,Female,25,0.0005305235128557037
1999,Female,30,0.00074283151450097
1999,Female,35,0.0011430475234851033
1999,Female,40,0.001704910655771072
1999,Female,45,0.0024959027135298822
1999,Female,50,0.003826381386857848
1999,Female,55,0.006194560332050679
1999,Female,60,0.009810885394223404
1999,Female,65,0.01538494865986097
1999,Female,70,0.023853836171308852
1999,Female,75,0.03815464646667461
1999,Female,80,0.06420207197666196
1999,Female,85,0.11213852860523317
1999,Female,90,0.1910947832850999
1999,Female,95,0.30512942984104124
1999,Male,0,0.0019151418032035696
1999,Male,5,0.00018649510647603283
1999,Male,10,0.00024447134002705687
1999,Male,15,0.0009449949591664302
1999,Male,20,0.0013315640244763141
1999,Male,25,0.0012673876887735584
1999,Male,30,0.0015184467874471209
1999,Male,35,0.002076146954948126
1999,Male,40,0.003054092689644649
1999,Male,45,0.004503875204620234
1999,Male,50,0.0064345347070295916
1999,Male,55,0.01015818469440893
1999,Male,60,0.015710401900160258
1999,Male,65,0.024459658190700263
1999,Male,70,0.03811012523855416
1999,Male,75,0.05892106151997274
1999,Male,80,0.09461540311106639
1999,Male,85,0.15359305598565465
1999,Male,90,0.2340890215626076
1999,Male,95,0.32811321675634486
2000,Female,0,0.0015405383309922255
2000,Female,5,0.00014089002303516364
2000,Female,10,0.00016081903736332826
2000,Female,15,0.0003920829118324983
2000,Female,20,0.0004673549799850172
2000,Female,25,0.000529715032184407
2000,Female,30,0.0007366837852544551
2000,Female,35,0.0011325414414024367
2000,Female,40,0.0017318600573385892
2000,Female,45,0.0025160900059751183
2000,Female,50,0.003812151175870806
2000,Female,55,0.006087891128069808
2000,Female,60,0.009746269283527464
2000,Female,65,0.015219754407314406
2000,Female,70,0.023512752456592956
2000,Female,75,0.03782419750032268
2000,Female,80,0.06377963865606515
2000,Male,0,0.0018822820086659225
2000,Male,5,0.00017667330232967819
2000,Male,10,0.00024250497525248778
2000,Male,15,0.0009272597556053894
2000,Male,20,0.0013692929729362722
2000,Male,25,0.0012935104318447708
2000,Male,30,0.001480741295173648
2000,Male,35,0.0020571427233397133
2000,Male,40,0.0030601905314741593
2000,Male,45,0.004558498595240783
2000,Male,50,0.006409898153775665
2000,Male,55,0.009913056446823965
2000,Male,60,0.015388370313197878
2000,Male,65,0.023743225359859316
2000,Male,70,0.03695066158212999
2000,Male,75,0.05741429045336359
2000,Male,80,0.09247362798035419
2001,Female,0,0.0014680239036368322
2001,Female,5,0.00013892458702073737
2001,Female,10,0.00015328822434743203
2001,Female,15,0.0003825582582001699
2001,Female,20,0.0004656207361518277
2001,Female,25,0.0005582776829521728
2001,Female,30,0.0007548322649133514
2001,Female,35,0.0011769006738640096
2001,Female,40,0.0017711887473276355
2001,Female,45,0.002591452044493318
2001,Female,50,0.0037871442234655183
2001,Female,55,0.00608502506810024
2001,Female,60,0.009565836321041332
2001,Female,65,0.014884992233379083
2001,Female,70,0.02313295262827528
2001,Female,75,0.037367542069003196
2001,Female,80,0.06324500391482432
2001,Male,0,0.0018067930655256126
2001,Male,5,0.00016730140293325468
2001,Male,10,0.00022862456209697598
2001,Male,15,0.0009244468200866716
2001,Male,20,0.00140751985894758
2001,Male,25,0.0013664928695609094
2001,Male,30,0.0015188607402132888
2001,Male,35,0.0021340028668216287
2001,Male,40,0.003049505674789284
2001,Male,45,0.004590314811863901
2001,Male,50,0.006376020026803905
2001,Male,55,0.009772521495644095
2001,Male,60,0.015035031350598263
2001,Male,65,0.02320448395309599
2001,Male,70,0.0358588035738062
2001,Male,75,0.05630433030598244
2001,Male,80,0.09034822082696894
2002,Female,0,0.0014898032130983181
2002,Female,5,0.0001358610419271316
2002,Female,10,0.00015833691647059808
2002,Female,15,0.00039762266849098347
2002,Female,20,0.0004701952553213252
2002,Female,25,0.0005412916147829865
2002,Female,30,0.0007422157560734919
2002,Female,35,0.0011593595557909844
2002,Female,40,0.001806941977215444
2002,Female,45,0.0026385225507262254
2002,Female,50,0.00380350666408842
2002,Female,55,0.005914464636931419
2002,Female,60,0.009377062813952303
2002,Female,65,0.014588555508898631
2002,Female,70,0.02291431386460919
2002,Female,75,0.03698822998308572
2002,Female,80,0.06301019611635343
2002,Male,0,0.0018390970691745331
2002,Male,5,0.0001676096515519111
2002,Male,10,0.00022969815099418614
2002,Male,15,0.0009244855239955724
2002,Male,20,0.0014112383383932511
2002,Male,25,0.0013722988589208603
2002,Male,30,0.0015210853678701915
2002,Male,35,0.0020771754250112533
2002,Male,40,0.0030833271817096173
2002,Male,45,0.004577114020379323
2002,Male,50,0.006564103770562227
2002,Male,55,0.009625800583568354
2002,Male,60,0.014906968830634535
2002,Male,65,0.02263074227832556
2002,Male,70,0.03519081179387416
2002,Male,75,0.05531832146698956
2002,Male,80,0.08921439751875267
2003,Female,0,0.001471416295588327
2003,Female,5,0.0001311781884370093
2003,Female,10,0.0001479233039088003
2003,Female,15,0.00038598876845667186
2003,Female,20,0.0004964701442092656
2003,Female,25,0.0005599822640205664
2003,Female,30,0.0007329715029934074
2003,Female,35,0.0011481766269430455
2003,Female,40,0.0017929874658537538
2003,Female,45,0.002642673268244535
2003,Female,50,0.003808436042491586
2003,Female,55,0.0058944027908191836
2003,Female,60,0.00934397963259316
2003,Female,65,0.014263263370170753
2003,Female,70,0.022471561884372153
2003,Female,75,0.03635298768261798
2003,Female,80,0.06171265529427633
2003,Male,0,0.001846603797804193
2003,Male,5,0.00016364096263840144
2003,Male,10,0.00022890717064825088
2003,Male,15,0.0009056425581857902
2003,Male,20,0.0014255712134578287
2003,Male,25,0.0013779748817348216
2003,Male,30,0.0015124332348423937
2003,Male,35,0.0020408090063481895
2003,Male,40,0.0030582647895676524
2003,Male,45,0.004606658008235642
2003,Male,50,0.006610291437317685
2003,Male,55,0.00955592876461641
2003,Male,60,0.014653375617803938
2003,Male,65,0.02209296484292844
2003,Male,70,0.033983399324990206
2003,Male,75,0.054007448759219
2003,Male,80,0.0873912584162525
2004,Female,0,0.0014672936830932126
2004,Female,5,0.0001310580891574011
2004,Female,10,0.0001518538255731498
2004,Female,15,0.0003936631997922831
2004,Female,20,0.0004715696463539603
2004,Female,25,0.0005512357624713635
2004,Female,30,0.0007212136801294682
2004,Female,35,0.0010920227225705858
2004,Female,40,0.0017475360297166819
2004,Female,45,0.002633171517465088
2004,Female,50,0.0037230538682118605
2004,Female,55,0.005672090299108673
2004,Female,60,0.008960480400170653
2004,Female,65,0.013746304866541954
2004,Female,70,0.02178641367452988
2004,Female,75,0.03496158445039688
2004,Female,80,0.05945009043557915
2004,Male,0,0.001794728892538964
2004,Male,5,0.00016553266360764624
2004,Male,10,0.00021337619692334814
2004,Male,15,0.0008910967300808433
2004,Male,20,0.0013991223365402913
2004,Male,25,0.001407355563501207
2004,Male,30,0.0014584597866815312
2004,Male,35,0.0019613113919418326
2004,Male,40,0.002917511881615282
2004,Male,45,0.004467828340407704
2004,Male,50,0.006570746844871911
2004,Male,55,0.009228062921854551
2004,Male,60,0.014108262997491591
2004,Male,65,0.021060633446911482
2004,Male,70,0.03238339045722709
2004,Male,75,0.05155693521831112
2004,Male,80,0.08384824651966569
2005,Female,0,0.0014751983603804183
2005,Female,5,0.00013519448518008957
2005,Female,10,0.00014151747152473513
2005,Female,15,0.00036756554517570345
2005,Female,20,0.0004802633329578085
2005,Female,25,0.0005501415289113976
2005,Female,30,0.000741315789877261
2005,Female,35,0.0010966741837634723
2005,Female,40,0.0017497640656879588
2005,Female,45,0.0026580924817604327
2005,Female,50,0.0038115586335027126
2005,Female,55,0.005555162247443207
2005,Female,60,0.00887009037393208
2005,Female,65,0.013589872718665307
2005,Female,70,0.02160024775734501
2005,Female,75,0.03483756028715709
2005,Female,80,0.05958207195921308
2005,Male,0,0.0018370589404307779
2005,Male,5,0.0001570618047085622
2005,Male,10,0.00021018799896901493
2005,Male,15,0.0008993553072059963
2005,Male,20,0.0014554115505489705
2005,Male,25,0.0014489466409261533
2005,Male,30,0.001518888641986185
2005,Male,35,0.0019304544612668475
2005,Male,40,0.0029582571671395675
2005,Male,45,0.0044713324239661015
2005,Male,50,0.006671195849575724
2005,Male,55,0.009278722906652567
2005,Male,60,0.014050873902738115
2005,Male,65,0.020629443137423438
2005,Male,70,0.03233540923729824
2005,Male,75,0.05088487994597109
2005,Male,80,0.08337000654747978
2006,Female,0,0.0014852028518971185
2006,Female,5,0.00012363521141509748
2006,Female,10,0.00013014092725818755
2006,Female,15,0.00036192904323804177
2006,Female,20,0.0004878684067726311
2006,Female,25,0.0005727556955307334
2006,Female,30,0.0007321007409946637
2006,Female,35,0.0010873275431221568
2006,Female,40,0.0017311174895719861
2006,Female,45,0.002632681687840693
2006,Female,50,0.0037840807124498096
2006,Female,55,0.005460788169604181
2006,Female,60,0.008631102813878293
2006,Female,65,0.013136295895286037
2006,Female,70,0.020955182798570747
2006,Female,75,0.0337910551334995
2006,Female,80,0.05755296535679151
2006,Male,0,0.001797125043863213
2006,Male,5,0.00015482362478655523
2006,Male,10,0.00019176609129730368
2006,Male,15,0.0008900494769320394
2006,Male,20,0.0014963886530158204
2006,Male,25,0.0015036580987210061
2006,Male,30,0.0015500158782191015
2006,Male,35,0.0019316273488796869
2006,Male,40,0.0028878165761033504
2006,Male,45,0.004381556353596022
2006,Male,50,0.006602226068833245
2006,Male,55,0.009130102119693985
2006,Male,60,0.013590063307751577
2006,Male,65,0.020127591177666996
2006,Male,70,0.030826414771692956
2006,Male,75,0.04900069072021028
2006,Male,80,0.08076550568690337
2007,Female,0,0.001479566824093138
2007,Female,5,0.00012346774573926075
2007,Female,10,0.00013441758995425945
2007,Female,15,0.00034886579387487487
2007,Female,20,0.0004795624853638163
2007,Female,25,0.0005713040715753375
2007,Female,30,0.0007275579415309136
2007,Female,35,0.0010608114253178266
2007,Female,40,0.0016619429307769458
2007,Female,45,0.0025859804561432615
2007,Female,50,0.003752494132072065
2007,Female,55,0.005366913432810103
2007,Female,60,0.008289256310275796
2007,Female,65,0.012882619442743649
2007,Female,70,0.020335648171409277
2007,Female,75,0.033129015847670924
2007,Female,80,0.05623093059444799
2007,Male,0,0.001795711603074451
2007,Male,5,0.0001506798248353936
2007,Male,10,0.00019281639679857182
2007,Male,15,0.0008445302867239876
2007,Male,20,0.001458291114023725
2007,Male,25,0.001465652973433687
2007,Male,30,0.001528614600084594
2007,Male,35,0.001889636141535651
2007,Male,40,0.002789704880811378
2007,Male,45,0.004259444267095016
2007,Male,50,0.006457603315188011
2007,Male,55,0.009144878027198978
2007,Male,60,0.013239819188680974
2007,Male,65,0.01968201288454994
2007,Male,70,0.030050529568097135
2007,Male,75,0.047540373620180335
2007,Male,80,0.07870175723615483
2008,Female,0,0.00143038904507684
2008,Female,5,0.00011339922978814392
2008,Female,10,0.00012498927633851218
2008,Female,15,0.0003181531987011806
2008,Female,20,0.00045683186180679546
2008,Female,25,0.0005573758876576849
2008,Female,30,0.0007128356253420789
2008,Female,35,0.0010285758318852912
2008,Female,40,0.0016566381117247221
2008,Female,45,0.0026015219906719124
2008,Female,50,0.0037611886653305506
2008,Female,55,0.005303065330920344
2008,Female,60,0.008320031350973141
2008,Female,65,0.012854814815096888
2008,Female,70,0.020368674976662445
2008,Female,75,0.03320076635581912
2008,Female,80,0.056286716931834846
2008,Male,0,0.0017457199957417705
2008,Male,5,0.000136955203451345
2008,Male,10,0.00017713059048283776
2008,Male,15,0.0007818531263070703
2008,Male,20,0.00139001175919737
2008,Male,25,0.001428311215796562
2008,Male,30,0.001512746466036185
2008,Male,35,0.0018355117729492154
2008,Male,40,0.0026784040895486963
2008,Male,45,0.00420197917101003
2008,Male,50,0.006409721222358761
2008,Male,55,0.009182011676174735
2008,Male,60,0.01325725961437214
2008,Male,65,0.019588922791223803
2008,Male,70,0.029892671417164618
2008,Male,75,0.04750695604575951
2008,Male,80,0.07816996832198025
2009,Female,0,0.0013795338570174614
2009,Female,5,0.00011384770792163263
2009,Female,10,0.00012670837813673292
2009,Female,15,0.00030756158158285477
2009,Female,20,0.0004553966756465742
2009,Female,25,0.0005770951838380439
2009,Female,30,0.0007416925114716664
2009,Female,35,0.0010363493166199486
2009,Female,40,0.0016416824407326281
2009,Female,45,0.0025909319288049634
2009,Female,50,0.003812972187182266
2009,Female,55,0.005295206279070247
2009,Female,60,0.008067865481858226
2009,Female,65,0.01238653828936778
2009,Female,70,0.019581661116836062
2009,Female,75,0.031927442993219264
2009,Female,80,0.05408438243101112
2009,Male,0,0.0016902762154080008
2009,Male,5,0.00013567553821980133
2009,Male,10,0.00017460200389378015
2009,Male,15,0.0007107847267073059
2009,Male,20,0.0012946348499575375
2009,Male,25,0.001373568285836088
2009,Male,30,0.001486711152099444
2009,Male,35,0.001832288729894177
2009,Male,40,0.002655434812160164
2009,Male,45,0.004102979517263556
2009,Male,50,0.006360672453925723
2009,Male,55,0.009158048453402356
2009,Male,60,0.012946183434690884
2009,Male,65,0.019051015824422583
2009,Male,70,0.028654273841140256
2009,Male,75,0.045621672904103586
2009,Male,80,0.07513093111819594
2010,Female,0,0.0013141984718468152
2010,Female,5,0.000101122541007317
2010,Female,10,0.00012070596422403713
2010,Female,15,0.00028021285286826983
2010,Female,20,0.0004465172674611636
2010,Female,25,0.0005567422510254728
2010,Female,30,0.0007237319976726839
2010,Female,35,0.001027191947071363
2010,Female,40,0.0015453838540320896
2010,Female,45,0.002493328053559494
2010,Female,50,0.00374471555526735
2010,Female,55,0.005237248973287084
2010,Female,60,0.007823866446561753
2010,Female,65,0.012248886189169778
2010,Female,70,0.019321894720954948
2010,Female,75,0.0317506347105242
2010,Female,80,0.05383000119058138
2010,Female,85,0.09659946396106088
2010,Female,90,0.1727204193209651
2010,Female,95,0.28487500828616297
2010,Male,0,0.0015959785407743462
2010,Male,5,0.0001276627497533573
2010,Male,10,0.00016369162311524095
2010,Male,15,0.0006905259021733362
2010,Male,20,0.0012600281509280345
2010,Male,25,0.0013537120125330562
2010,Male,30,0.0014703551044020098
2010,Male,35,0.0017576728520987107
2010,Male,40,0.0024886108196135485
2010,Male,45,0.004018133722475817
2010,Male,50,0.006140628819658682
2010,Male,55,0.009104044352243667
2010,Male,60,0.012699459762609791
2010,Male,65,0.018766146637638946
2010,Male,70,0.028424451934845413
2010,Male,75,0.04534406386084393
2010,Male,80,0.07464463752125508
2010,Male,85,0.1269382345208897
2010,Male,90,0.21645377871234123
2010,Male,95,0.32280088428374587
2011,Female,0,0.001289015502940268
2011,Female,5,0.00010758968022537069
2011,Female,10,0.00011383693076385341
2011,Female,15,0.00028055743780437654
2011,Female,20,0.00044011830942319765
2011,Female,25,0.0005577916919237868
2011,Female,30,0.0007618493260671671
2011,Female,35,0.0010266758180415834
2011,Female,40,0.0015707350052373628
2011,Female,45,0.002503142384983316
2011,Female,50,0.003778272124252374
2011,Female,55,0.00530171789391312
2011,Female,60,0.007725413800930353
2011,Female,65,0.012120234123822387
2011,Female,70,0.019134592625964564
2011,Female,75,0.03153419971827352
2011,Female,80,0.05392878474567767
2011,Female,85,0.09684446228647206
2011,Female,90,0.17339553850138759
2011,Female,95,0.28661760036721723
2011,Male,0,0.0015482780638495456
2011,Male,5,0.00013286212964473202
2011,Male,10,0.00017020991760599414
2011,Male,15,0.0006767649514798041
2011,Male,20,0.0012680500074449467
2011,Male,25,0.0013670517321319614
2011,Male,30,0.0015008331232822362
2011,Male,35,0.0017763669626769708
2011,Male,40,0.0024807764824174563
2011,Male,45,0.003962181832722159
2011,Male,50,0.006176752226554131
2011,Male,55,0.00912632536290762
2011,Male,60,0.012595747089339545
2011,Male,65,0.01843705846108496
2011,Male,70,0.028189941056686086
2011,Male,75,0.04458182207988624
2011,Male,80,0.07429229152749355
2011,Male,85,0.1258355959184176
2011,Male,90,0.2123487113841021
2011,Male,95,0.31698354043165367
2012,Female,0,0.0012797183795747566
2012,Female,5,0.00010107230434200514
2012,Female,10,0.00011381964977394698
2012,Female,15,0.0002725244773882406
2012,Female,20,0.00044192209431982786
2012,Female,25,0.0005716739612108316
2012,Female,30,0.0007464799894934547
2012,Female,35,0.0010223974067126915
2012,Female,40,0.0015372303444292485
2012,Female,45,0.0024573577420546723
2012,Female,50,0.003756238594217987
2012,Female,55,0.005366776300585692
2012,Female,60,0.007722582945977068
2012,Female,65,0.01189872723173548
2012,Female,70,0.01879960749080866
2012,Female,75,0.031142571721033196
2012,Female,80,0.053175552437514775
2012,Female,85,0.09543849639304862
2012,Female,90,0.1695216229852016
2012,Female,95,0.27881131148769656
2012,Male,0,0.0015430413758027364
2012,Male,5,0.00012622815256132266
2012,Male,10,0.00016235431262296728
2012,Male,15,0.0006520213603067199
2012,Male,20,0.0012331267587632284
2012,Male,25,0.0013814676714369602
2012,Male,30,0.0015129451315720043
2012,Male,35,0.0017899442990931794
2012,Male,40,0.002448901394677088
2012,Male,45,0.003842175293928266
2012,Male,50,0.006132407518898198
2012,Male,55,0.00915878356692892
2012,Male,60,0.012840957889796691
2012,Male,65,0.018255479891021904
2012,Male,70,0.027700168087041354
2012,Male,75,0.04383170115030117
2012,Male,80,0.07274711311241755
2012,Male,85,0.12354500607113852
2012,Male,90,0.20678144720407793
2012,Male,95,0.31176341650738515
2013,Female,0,0.0012538730322975088
2013,Female,5,0.0001036499156312855
2013,Female,10,0.00012035308953643413
2013,Female,15,0.00026221708095319995
2013,Female,20,0.000439747691958442
2013,Female,25,0.0005671053916194984
2013,Female,30,0.0007526397662984685
2013,Female,35,0.0010461528714650861
2013,Female,40,0.0015418548177235786
2013,Female,45,0.0024419128792273386
2013,Female,50,0.0037809944168796794
2013,Female,55,0.005423309132750552
2013,Female,60,0.007744276106997369
2013,Female,65,0.01193298570503519
2013,Female,70,0.018854930342492762
2013,Female,75,0.03092636458060578
2013,Female,80,0.05307504635280354
2013,Female,85,0.09524263924545934
2013,Female,90,0.16916686037002565
2013,Female,95,0.27654273367231186
2013,Male,0,0.0015343332480350622
2013,Male,5,0.00013162060521513687
2013,Male,10,0.0001601857774885177
2013,Male,15,0.0006179077077464493
2013,Male,20,0.0012063641825724625
2013,Male,25,0.001373626315337066
2013,Male,30,0.0015422590676543821
2013,Male,35,0.0017967110539293496
2013,Male,40,0.002460541793544821
2013,Male,45,0.003844455577859096
2013,Male,50,0.006101610598925807
2013,Male,55,0.009190341614288123
2013,Male,60,0.013018523314936631
2013,Male,65,0.018327381989913856
2013,Male,70,0.027799648638794694
2013,Male,75,0.04375317211932668
2013,Male,80,0.07271669470491104
2013,Male,85,0.1238951279523045
2013,Male,90,0.20494761417568622
2013,Male,95,0.2976600132841204
2014,Female,0,0.0012409311711437535
2014,Female,5,9.966865407466313e-05
2014,Female,10,0.00011063357564985474
2014,Female,15,0.0002673046339642441
2014,Female,20,0.00044021896678709865
2014,Female,25,0.0005835390880474527
2014,Female,30,0.0007622942110155481
2014,Female,35,0.0010881509284865706
2014,Female,40,0.0015844844032060512
2014,Female,45,0.002441810578566763
2014,Female,50,0.003818009165653302
2014,Female,55,0.005549882909280765
2014,Female,60,0.007833079151271707
2014,Female,65,0.011715542028430689
2014,Female,70,0.01863616879494304
2014,Female,75,0.030428250283761088
2014,Female,80,0.052282745158204594
2014,Female,85,0.09198435906024996
2014,Female,90,0.1640405538505648
2014,Female,95,0.2644688719900704
2014,Male,0,0.0014869245029328416
2014,Male,5,0.0001295584586414713
2014,Male,10,0.0001671817744990192
2014,Male,15,0.0006302885204022183
2014,Male,20,0.0012156498293838705
2014,Male,25,0.0014004652696405935
2014,Male,30,0.0015818935050829473
2014,Male,35,0.0018673130240447506
2014,Male,40,0.0024622646292137397
2014,Male,45,0.003801125190761008
2014,Male,50,0.006071791960652398
2014,Male,55,0.009241486183755707
2014,Male,60,0.013179676401852155
2014,Male,65,0.01820471251082029
2014,Male,70,0.02766045893110582
2014,Male,75,0.04311064816923431
2014,Male,80,0.07131982544981057
2014,Male,85,0.12077993648749533
2014,Male,90,0.1987142227527801
2014,Male,95,0.28668945803451995
2015,Female,0,0.0012466978342912645
2015,Female,5,0.00010234328859009092
2015,Female,10,0.00012209981353654997
2015,Female,15,0.0002909166479614725
2015,Female,20,0.0004653610176801635
2015,Female,25,0.0006107957708732122
2015,Female,30,0.000837134592703819
2015,Female,35,0.0011076624646123628
2015,Female,40,0.0015899503216840049
2015,Female,45,0.0024468580994956588
2015,Female,50,0.0038239821271255463
2015,Female,55,0.005599294931121055
2015,Female,60,0.007874923736883954
2015,Female,65,0.01171232430063496
2015,Female,70,0.018777131705110132
2015,Female,75,0.0306926559259267
2015,Female,80,0.0529417717554355
2015,Female,85,0.09402631098501306
2015,Female,90,0.16671034208381133
2015,Female,95,0.2685386804969263
2015,Male,0,0.0015008076240229503
2015,Male,5,0.00013182892324135743
2015,Male,10,0.0001686157281101657
2015,Male,15,0.0006657020315223479
2015,Male,20,0.0012987571303683062
2015,Male,25,0.0015078655496072028
2015,Male,30,0.0017118884041177195
2015,Male,35,0.001995372024612372
2015,Male,40,0.0025425804287186023
2015,Male,45,0.0037825483406408247
2015,Male,50,0.006108187007777347
2015,Male,55,0.009236605931735387
2015,Male,60,0.01333949419157524
2015,Male,65,0.01835876727925926
2015,Male,70,0.027725355493783597
2015,Male,75,0.04325574608755017
2015,Male,80,0.07193475858799997
2015,Male,85,0.12138146247951795
2015,Male,90,0.19916984923545358
2015,Male,95,0.28280113793236944
2016,Female,0,0.0012460560951680283
2016,Female,5,0.00011135273470489168
2016,Female,10,0.00012371275297542355
2016,Female,15,0.000299828613311378
2016,Female,20,0.0005008835283743972
2016,Female,25,0.0006707919336773315
2016,Female,30,0.0009059974156667954
2016,Female,35,0.0012018811498035876
2016,Female,40,0.001622925528295914
2016,Female,45,0.0024550926006890314
2016,Female,50,0.003832444054607827
2016,Female,55,0.005639722843050046
2016,Female,60,0.007971244894859331
2016,Female,65,0.01154378447738458
2016,Female,70,0.01855585232490379
2016,Female,75,0.03010725044557435
2016,Female,80,0.05169012520918863
2016,Female,85,0.09135537615574252
2016,Female,90,0.16069090515966278
2016,Female,95,0.2572017356199884
2016,Male,0,0.0014909815505432117
2016,Male,5,0.0001319639240764346
2016,Male,10,0.0001677428543384367
2016,Male,15,0.0007135033075597177
2016,Male,20,0.00141532131511109
2016,Male,25,0.001674594681449451
2016,Male,30,0.001887425402349293
2016,Male,35,0.0022003756459255813
2016,Male,40,0.0027000550847617885
2016,Male,45,0.003854962701565521
2016,Male,50,0.006086238461534367
2016,Male,55,0.009275412495080695
2016,Male,60,0.013381094387832679
2016,Male,65,0.01823990389085004
2016,Male,70,0.027448434132358507
2016,Male,75,0.04271698869472805
2016,Male,80,0.06981617372059819
2016,Male,85,0.1183493454317907
2016,Male,90,0.19270476016785984
2016,Male,95,0.2653143985130188
2017,Female,0,0.0012089982844452043
2017,Female,5,0.00010608742545489919
2017,Female,10,0.0001226494578776405
2017,Female,15,0.00029369044136392836
2017,Female,20,0.0005093426558994584
2017,Female,25,0.0006893346013439938
2017,Female,30,0.0009358980418012376
2017,Female,35,0.0012100774960492038
2017,Female,40,0.0016447039288124577
2017,Female,45,0.0024182267266245486
2017,Female,50,0.003752091146273233
2017,Female,55,0.005655673266842244
2017,Female,60,0.008009450772902618
2017,Female,65,0.011624736353312223
2017,Female,70,0.018420536276203492
2017,Female,75,0.030192197577412976
2017,Female,80,0.05208422064540051
2017,Female,85,0.09150372802993088
2017,Female,90,0.16210003636350317
2017,Female,95,0.2575204991698192
2017,Male,0,0.0014740684819669553
2017,Male,5,0.00012523232632619612
2017,Male,10,0.00018593229442628276
2017,Male,15,0.0007254891089500183
2017,Male,20,0.0013800327176420398
2017,Male,25,0.0017151702842078162
2017,Male,30,0.001964716069961342
2017,Male,35,0.0022786195532165515
2017,Male,40,0.002747209467221524
2017,Male,45,0.003890950511796237
2017,Male,50,0.006040286013584796
2017,Male,55,0.00923638741024975
2017,Male,60,0.013390454374669092
2017,Male,65,0.018433484575881374
2017,Male,70,0.02720428078277969
2017,Male,75,0.04267970035135075
2017,Male,80,0.07059937055641742
2017,Male,85,0.11951911725655832
2017,Male,90,0.192071739026726
2017,Male,95,0.2629678609488862
2018,Female,0,0.0011683037172003385
2018,Female,5,0.00010561157367910016
2018,Female,10,0.00012963401674838854
2018,Female,15,0.0002899335408841775
2018,Female,20,0.0004822336696867122
2018,Female,25,0.000678564985640576
2018,Female,30,0.0009275116956154189
2018,Female,35,0.0012182695408201078
2018,Female,40,0.001608332244541369
2018,Female,45,0.002375211431492336
2018,Female,50,0.003655483766660532
2018,Female,55,0.005570932026267853
2018,Female,60,0.007946124159757584
2018,Female,65,0.01141325826057261
2018,Female,70,0.018214163978993527
2018,Female,75,0.02980712674330564
2018,Female,80,0.051303958178166575
2018,Female,85,0.0910636511881949
2018,Female,90,0.15931883892626275
2018,Female,95,0.25232344631962744
2018,Male,0,0.0014551373634690255
2018,Male,5,0.0001245919181100376
2018,Male,10,0.00016849874494512615
2018,Male,15,0.0006819821560172098
2018,Male,20,0.0013067554821186863
2018,Male,25,0.001633887531140011
2018,Male,30,0.0018991483076034085
2018,Male,35,0.00227725815062708
2018,Male,40,0.0027486096649331922
2018,Male,45,0.0038918434437788508
2018,Male,50,0.005924518848617756
2018,Male,55,0.009226391138733756
2018,Male,60,0.013439008248309079
2018,Male,65,0.01859725866094946
2018,Male,70,0.02705547575186843
2018,Male,75,0.04239821390732954
2018,Male,80,0.06931146143060986
2018,Male,85,0.11764425541043955
2018,Male,90,0.1888888137643852
2018,Male,95,0.254515272052405
2019,Female,0,0.0011750277241327138
2019,Female,5,0.00010554561434701574
2019,Female,10,0.0001243115962619241
2019,Female,15,0.00027990191337495275
2019,Female,20,0.0004840243050683881
2019,Female,25,0.0006522397923825087
2019,Female,30,0.0009286217461498801
2019,Female,35,0.001233647135750627
2019,Female,40,0.0016149716656744812
2019,Female,45,0.0023528281768241846
2019,Female,50,0.0035692361376211275
2019,Female,55,0.005462440757914276
2019,Female,60,0.008012237255229985
2019,Female,65,0.011244597415007919
2019,Female,70,0.01782311871308493
2019,Female,75,0.029159761416898466
2019,Female,80,0.05027324054388312
2019,Female,85,0.08901618970242067
2019,Female,90,0.15607204315543777
2019,Female,95,0.24290195073139104
2019,Male,0,0.0014190990209347637
2019,Male,5,0.00012483488652356126
2019,Male,10,0.0001782531643450409
2019,Male,15,0.0006807480077653717
2019,Male,20,0.0012989345961213598
2019,Male,25,0.0016160128721160838
2019,Male,30,0.001927644190912623
2019,Male,35,0.002317220197072332
2019,Male,40,0.0028482597372793115
2019,Male,45,0.003884079088107832
2019,Male,50,0.005889437600704911
2019,Male,55,0.009122164838725164
2019,Male,60,0.01332958542643373
2019,Male,65,0.018511472712315437
2019,Male,70,0.02650078045987786
2019,Male,75,0.04161617903802005
2019,Male,80,0.06804812520764572
2019,Male,85,0.11564879215065335
2019,Male,90,0.1846855486878308
2019,Male,95,0.24677263792598453
2020,Female,0,0.001123322966263579
2020,Female,5,9.714845815839874e-05
2020,Female,10,0.00012210008739918475
2020,Female,15,0.0003155674160506964
2020,Female,20,0.0005705823283424988
2020,Female,25,0.0008120445676145927
2020,Female,30,0.001108981716532178
2020,Female,35,0.0014548894791388326
2020,Female,40,0.0019451273194960547
2020,Female,45,0.0027724749537766467
2020,Female,50,0.004137636608378064
2020,Female,55,0.006217687501179096
2020,Female,60,0.009265239348636743
2020,Female,65,0.0131670586236113
2020,Female,70,0.020768172747992458
2020,Female,75,0.034903757452426146
2020,Female,80,0.060818067800505374
2020,Female,85,0.11023524485841525
2020,Female,90,0.19676023859281683
2020,Female,95,0.32984608527541986
2020,Male,0,0.0013524034382208004
2020,Male,5,0.00011957023487565145
2020,Male,10,0.00018997300520464582
2020,Male,15,0.0008129112473212725
2020,Male,20,0.001601668253783703
2020,Male,25,0.002030595174430134
2020,Male,30,0.0024444941625592644
2020,Male,35,0.0028572156396178194
2020,Male,40,0.0035201553995880277
2020,Male,45,0.004720500451132346
2020,Male,50,0.006926199133209673
2020,Male,55,0.010464372538986261
2020,Male,60,0.015455704629040359
2020,Male,65,0.02149088090680669
2020,Male,70,0.031207864036967136
2020,Male,75,0.05030464663471503
2020,Male,80,0.0828172311616117
2020,Male,85,0.14238933842998763
2020,Male,90,0.2457602314818371
2020,Male,95,0.38481464205421234
2021,Female,0,0.0012177914599953348
2021,Female,5,0.00010388505897827242
2021,Female,10,0.0001375605360441228
2021,Female,15,0.00035155482744401735
2021,Female,20,0.0006338502280234298
2021,Female,25,0.000886703899290666
2021,Female,30,0.0012762216374390296
2021,Female,35,0.0017137584273794616
2021,Female,40,0.0023288264867597367
2021,Female,45,0.0032157799870595393
2021,Female,50,0.0046289401273878605
2021,Female,55,0.006866097279120141
2021,Female,60,0.010104053973540039
2021,Female,65,0.014050886521373037
2021,Female,70,0.020985498116536855
2021,Female,75,0.035013302716887205
2021,Female,80,0.05879182955986807
2021,Female,85,0.10326153109252448
2021,Female,90,0.18124921237824548
2021,Female,95,0.2961160447032595
2021,Male,0,0.00141109638055329
2021,Male,5,0.00013240116372341342
2021,Male,10,0.00019097535832043514
2021,Male,15,0.0008819287226986192
2021,Male,20,0.00165868804034974
2021,Male,25,0.0022253852316596523
2021,Male,30,0.00278681364706669
2021,Male,35,0.0033260111180981435
2021,Male,40,0.004172083236992116
2021,Male,45,0.005480406216585168
2021,Male,50,0.007840489355172816
2021,Male,55,0.011482453481574225
2021,Male,60,0.016575507242499597
2021,Male,65,0.0225655439725752
2021,Male,70,0.03143618115832887
2021,Male,75,0.04990062197777155
2021,Male,80,0.08061288944164
2021,Male,85,0.1360454655172338
2021,Male,90,0.22572252094391443
2021,Male,95,0.3410609473250174
2022,Female,0,0.0012180187534239061
2022,Female,5,0.00011541062416115923
2022,Female,10,0.00014490829274721256
2022,Female,15,0.0003338593764560644
2022,Female,20,0.0005660368764744222
2022,Female,25,0.0008031850445253742
2022,Female,30,0.0011234723034335482
2022,Female,35,0.0014951012856845869
2022,Female,40,0.0020108387141730046
2022,Female,45,0.002738498860805211
2022,Female,50,0.003963019693619693
2022,Female,55,0.006037654682523633
2022,Female,60,0.009031795004944209
2022,Female,65,0.012798238465842594
2022,Female,70,0.0195239082695504
2022,Female,75,0.03264784990309198
2022,Female,80,0.056565930492586416
2022,Female,85,0.10221303085304441
2022,Female,90,0.18082644534355485
2022,Female,95,0.29713667102725105
2022,Male,0,0.0014575309230418232
2022,Male,5,0.00013727227986018033
2022,Male,10,0.000197126849527189
2022,Male,15,0.0008218895173572169
2022,Male,20,0.0014842679119482073
2022,Male,25,0.0019855284946063874
2022,Male,30,0.0025355516095063105
2022,Male,35,0.0029881060915015736
2022,Male,40,0.003667188607582391
2022,Male,45,0.0046981601691551255
2022,Male,50,0.006608463581464806
2022,Male,55,0.009936470661551322
2022,Male,60,0.014612534047026329
2022,Male,65,0.020337424878478824
2022,Male,70,0.029110548885868264
2022,Male,75,0.04561839080670325
2022,Male,80,0.07662908781733643
2022,Male,85,0.13145456547722303
2022,Male,90,0.21953582301565708
2022,Male,95,0.3203330349641193
2023,Female,0,0.001201090406424511
2023,Female,5,0.00011195825325719831
2023,Female,10,0.00013439257873653108
2023,Female,15,0.00032375187079956575
2023,Female,20,0.0005127861209240904
2023,Female,25,0.0006922705360999072
2023,Female,30,0.0010201104752406117
2023,Female,35,0.00135149611095528
2023,Female,40,0.0018620657292408162
2023,Female,45,0.0024576843753921136
2023,Female,50,0.003589018136059531
2023,Female,55,0.005403592631486961
2023,Female,60,0.008253998004032054
2023,Female,65,0.011854806417050712
2023,Female,70,0.017889052269062
2023,Female,75,0.030064144725766517
2023,Female,80,0.05275289680899224
2023,Female,85,0.09531253676555847
2023,Female,90,0.17021275412217468
2023,Female,95,0.27454334236109657
2023,Male,0,0.0014348760766827171
2023,Male,5,0.00013482874691368268
2023,Male,10,0.00019655845773711953
2023,Male,15,0.0008167820968497561
2023,Male,20,0.0013687462489391585
2023,Male,25,0.0017814859350792516
2023,Male,30,0.0023035536448645665
2023,Male,35,0.002776266679469213
2023,Male,40,0.0034401144313384972
2023,Male,45,0.004315265736546443
2023,Male,50,0.005999190494917571
2023,Male,55,0.008988147273985034
2023,Male,60,0.013339030677274193
2023,Male,65,0.01875273677215865
2023,Male,70,0.026714389874929745
2023,Male,75,0.04158248114217215
2023,Male,80,0.07025652923360934
2023,Male,85,0.12160643621111529
2023,Male,90,0.2003140628141106
2023,Male,95,0.28353703643030964
